EXPERIMENT_ID,API_TYPE,QUERY_TYPE,REPOSITORY,EXECUTION_TIME_MS,RESPONSE_SIZE_BYTES,TIMESTAMP
1,REST,Basic,freeCodeCamp/freeCodeCamp,331.4581669999999,6983,2024-11-14T17:44:03.550Z
1,GRAPHQL,Basic,freeCodeCamp/freeCodeCamp,267.98233400000004,176,2024-11-14T17:44:03.820Z
2,REST,Basic,freeCodeCamp/freeCodeCamp,364.435708,6983,2024-11-14T17:44:05.186Z
2,GRAPHQL,Basic,freeCodeCamp/freeCodeCamp,259.353208,176,2024-11-14T17:44:05.445Z
3,REST,Basic,freeCodeCamp/freeCodeCamp,378.7404999999999,6983,2024-11-14T17:44:06.826Z
3,GRAPHQL,Basic,freeCodeCamp/freeCodeCamp,507.1882080000005,176,2024-11-14T17:44:07.333Z
4,REST,Basic,freeCodeCamp/freeCodeCamp,392.9802499999996,6983,2024-11-14T17:44:08.727Z
4,GRAPHQL,Basic,freeCodeCamp/freeCodeCamp,331.2914580000006,176,2024-11-14T17:44:09.059Z
5,REST,Basic,freeCodeCamp/freeCodeCamp,346.63495800000055,6983,2024-11-14T17:44:10.408Z
5,GRAPHQL,Basic,freeCodeCamp/freeCodeCamp,303.38395800000035,176,2024-11-14T17:44:10.711Z
6,REST,Basic,freeCodeCamp/freeCodeCamp,431.7357499999998,6983,2024-11-14T17:44:12.145Z
6,GRAPHQL,Basic,freeCodeCamp/freeCodeCamp,306.08150000000023,176,2024-11-14T17:44:12.451Z
7,REST,Basic,freeCodeCamp/freeCodeCamp,332.30125000000044,6983,2024-11-14T17:44:13.785Z
7,GRAPHQL,Basic,freeCodeCamp/freeCodeCamp,305.7809159999997,176,2024-11-14T17:44:14.091Z
8,REST,Basic,freeCodeCamp/freeCodeCamp,431.8528750000005,6983,2024-11-14T17:44:15.525Z
8,GRAPHQL,Basic,freeCodeCamp/freeCodeCamp,286.99554200000057,176,2024-11-14T17:44:15.812Z
9,REST,Basic,freeCodeCamp/freeCodeCamp,347.7561249999999,6983,2024-11-14T17:44:17.161Z
9,GRAPHQL,Basic,freeCodeCamp/freeCodeCamp,281.8318330000002,176,2024-11-14T17:44:17.443Z
10,REST,Basic,freeCodeCamp/freeCodeCamp,357.0168329999997,6983,2024-11-14T17:44:18.802Z
10,GRAPHQL,Basic,freeCodeCamp/freeCodeCamp,365.95508300000074,176,2024-11-14T17:44:19.168Z
11,REST,Basic,freeCodeCamp/freeCodeCamp,373.34833399999843,6983,2024-11-14T17:44:20.543Z
11,GRAPHQL,Basic,freeCodeCamp/freeCodeCamp,307.2926669999979,176,2024-11-14T17:44:20.851Z
12,REST,Basic,freeCodeCamp/freeCodeCamp,347.35720800000126,6983,2024-11-14T17:44:22.199Z
12,GRAPHQL,Basic,freeCodeCamp/freeCodeCamp,304.9462919999969,176,2024-11-14T17:44:22.504Z
13,REST,Basic,freeCodeCamp/freeCodeCamp,327.448124999999,6983,2024-11-14T17:44:23.833Z
13,GRAPHQL,Basic,freeCodeCamp/freeCodeCamp,294.3414589999993,176,2024-11-14T17:44:24.128Z
14,REST,Basic,freeCodeCamp/freeCodeCamp,325.79708400000163,6983,2024-11-14T17:44:25.455Z
14,GRAPHQL,Basic,freeCodeCamp/freeCodeCamp,355.05925000000207,176,2024-11-14T17:44:25.810Z
15,REST,Basic,freeCodeCamp/freeCodeCamp,385.5907909999987,6983,2024-11-14T17:44:27.197Z
15,GRAPHQL,Basic,freeCodeCamp/freeCodeCamp,308.4862920000014,176,2024-11-14T17:44:27.505Z
16,REST,Basic,freeCodeCamp/freeCodeCamp,336.6792080000014,6983,2024-11-14T17:44:28.844Z
16,GRAPHQL,Basic,freeCodeCamp/freeCodeCamp,400.1907910000009,176,2024-11-14T17:44:29.244Z
17,REST,Basic,freeCodeCamp/freeCodeCamp,306.8934999999983,6983,2024-11-14T17:44:30.553Z
17,GRAPHQL,Basic,freeCodeCamp/freeCodeCamp,251.5448749999996,176,2024-11-14T17:44:30.805Z
18,REST,Basic,freeCodeCamp/freeCodeCamp,408.41420800000196,6983,2024-11-14T17:44:32.216Z
18,GRAPHQL,Basic,freeCodeCamp/freeCodeCamp,306.68566700000156,176,2024-11-14T17:44:32.522Z
19,REST,Basic,freeCodeCamp/freeCodeCamp,315.0532920000005,6983,2024-11-14T17:44:33.841Z
19,GRAPHQL,Basic,freeCodeCamp/freeCodeCamp,310.1705409999995,176,2024-11-14T17:44:34.152Z
20,REST,Basic,freeCodeCamp/freeCodeCamp,302.52529100000174,6983,2024-11-14T17:44:35.456Z
20,GRAPHQL,Basic,freeCodeCamp/freeCodeCamp,446.42404199999874,176,2024-11-14T17:44:35.902Z
21,REST,Basic,freeCodeCamp/freeCodeCamp,283.77333300000464,6983,2024-11-14T17:44:37.188Z
21,GRAPHQL,Basic,freeCodeCamp/freeCodeCamp,271.4700410000005,176,2024-11-14T17:44:37.459Z
22,REST,Basic,freeCodeCamp/freeCodeCamp,410.2011249999996,6983,2024-11-14T17:44:38.871Z
22,GRAPHQL,Basic,freeCodeCamp/freeCodeCamp,305.01004100000137,176,2024-11-14T17:44:39.176Z
23,REST,Basic,freeCodeCamp/freeCodeCamp,332.8977500000037,6983,2024-11-14T17:44:40.510Z
23,GRAPHQL,Basic,freeCodeCamp/freeCodeCamp,306.03145800000493,176,2024-11-14T17:44:40.816Z
24,REST,Basic,freeCodeCamp/freeCodeCamp,328.4160420000044,6983,2024-11-14T17:44:42.146Z
24,GRAPHQL,Basic,freeCodeCamp/freeCodeCamp,307.2558330000029,176,2024-11-14T17:44:42.454Z
25,REST,Basic,freeCodeCamp/freeCodeCamp,335.5483749999985,6983,2024-11-14T17:44:43.793Z
25,GRAPHQL,Basic,freeCodeCamp/freeCodeCamp,276.8297079999975,176,2024-11-14T17:44:44.070Z
26,REST,Basic,freeCodeCamp/freeCodeCamp,309.27404200000456,6983,2024-11-14T17:44:45.381Z
26,GRAPHQL,Basic,freeCodeCamp/freeCodeCamp,273.26108399999794,176,2024-11-14T17:44:45.654Z
27,REST,Basic,freeCodeCamp/freeCodeCamp,408.61912499999744,6983,2024-11-14T17:44:47.064Z
27,GRAPHQL,Basic,freeCodeCamp/freeCodeCamp,251.76829200000066,176,2024-11-14T17:44:47.316Z
28,REST,Basic,freeCodeCamp/freeCodeCamp,309.44629200000054,6983,2024-11-14T17:44:48.642Z
28,GRAPHQL,Basic,freeCodeCamp/freeCodeCamp,251.57050000000163,176,2024-11-14T17:44:48.893Z
29,REST,Basic,freeCodeCamp/freeCodeCamp,330.16991699999926,6983,2024-11-14T17:44:50.225Z
29,GRAPHQL,Basic,freeCodeCamp/freeCodeCamp,266.6438330000019,176,2024-11-14T17:44:50.492Z
30,REST,Basic,freeCodeCamp/freeCodeCamp,337.5319159999999,6983,2024-11-14T17:44:51.829Z
30,GRAPHQL,Basic,freeCodeCamp/freeCodeCamp,309.0386670000007,176,2024-11-14T17:44:52.139Z
31,REST,Medium,freeCodeCamp/freeCodeCamp,628.6359159999993,150545,2024-11-14T17:44:53.770Z
31,GRAPHQL,Medium,freeCodeCamp/freeCodeCamp,463.54254100000253,11659,2024-11-14T17:44:54.234Z
32,REST,Medium,freeCodeCamp/freeCodeCamp,492.44295799999963,150545,2024-11-14T17:44:55.728Z
32,GRAPHQL,Medium,freeCodeCamp/freeCodeCamp,452.2330000000002,11659,2024-11-14T17:44:56.180Z
33,REST,Medium,freeCodeCamp/freeCodeCamp,514.1983749999999,150545,2024-11-14T17:44:57.695Z
33,GRAPHQL,Medium,freeCodeCamp/freeCodeCamp,430.13837500000227,11659,2024-11-14T17:44:58.126Z
34,REST,Medium,freeCodeCamp/freeCodeCamp,411.6343329999945,150545,2024-11-14T17:44:59.539Z
34,GRAPHQL,Medium,freeCodeCamp/freeCodeCamp,429.6509159999987,11659,2024-11-14T17:44:59.969Z
35,REST,Medium,freeCodeCamp/freeCodeCamp,439.99487500000396,150545,2024-11-14T17:45:01.411Z
35,GRAPHQL,Medium,freeCodeCamp/freeCodeCamp,492.3677080000052,11659,2024-11-14T17:45:01.904Z
36,REST,Medium,freeCodeCamp/freeCodeCamp,574.437874999996,150545,2024-11-14T17:45:03.479Z
36,GRAPHQL,Medium,freeCodeCamp/freeCodeCamp,557.7766669999983,11659,2024-11-14T17:45:04.037Z
37,REST,Medium,freeCodeCamp/freeCodeCamp,454.202750000004,150545,2024-11-14T17:45:05.492Z
37,GRAPHQL,Medium,freeCodeCamp/freeCodeCamp,395.3629579999979,11659,2024-11-14T17:45:05.888Z
38,REST,Medium,freeCodeCamp/freeCodeCamp,412.4769579999993,150545,2024-11-14T17:45:07.305Z
38,GRAPHQL,Medium,freeCodeCamp/freeCodeCamp,446.2889159999977,11659,2024-11-14T17:45:07.751Z
39,REST,Medium,freeCodeCamp/freeCodeCamp,499.4689580000122,150545,2024-11-14T17:45:09.259Z
39,GRAPHQL,Medium,freeCodeCamp/freeCodeCamp,435.69833300000755,11659,2024-11-14T17:45:09.695Z
40,REST,Medium,freeCodeCamp/freeCodeCamp,503.50591600000917,150545,2024-11-14T17:45:11.202Z
40,GRAPHQL,Medium,freeCodeCamp/freeCodeCamp,415.9139170000126,11659,2024-11-14T17:45:11.618Z
41,REST,Medium,freeCodeCamp/freeCodeCamp,453.395875000002,150545,2024-11-14T17:45:13.074Z
41,GRAPHQL,Medium,freeCodeCamp/freeCodeCamp,411.61470899998676,11659,2024-11-14T17:45:13.486Z
42,REST,Medium,freeCodeCamp/freeCodeCamp,475.4855830000015,150545,2024-11-14T17:45:14.964Z
42,GRAPHQL,Medium,freeCodeCamp/freeCodeCamp,469.3407920000027,11659,2024-11-14T17:45:15.433Z
43,REST,Medium,freeCodeCamp/freeCodeCamp,391.29241699998965,150545,2024-11-14T17:45:16.827Z
43,GRAPHQL,Medium,freeCodeCamp/freeCodeCamp,455.74916700000176,11659,2024-11-14T17:45:17.283Z
44,REST,Medium,freeCodeCamp/freeCodeCamp,448.26137500000186,150545,2024-11-14T17:45:18.733Z
44,GRAPHQL,Medium,freeCodeCamp/freeCodeCamp,439.84725000000617,11659,2024-11-14T17:45:19.173Z
45,REST,Medium,freeCodeCamp/freeCodeCamp,383.1057499999879,150545,2024-11-14T17:45:20.558Z
45,GRAPHQL,Medium,freeCodeCamp/freeCodeCamp,364.63816699999734,11659,2024-11-14T17:45:20.923Z
46,REST,Medium,freeCodeCamp/freeCodeCamp,470.75841700000456,150545,2024-11-14T17:45:22.396Z
46,GRAPHQL,Medium,freeCodeCamp/freeCodeCamp,506.2089580000029,11659,2024-11-14T17:45:22.903Z
47,REST,Medium,freeCodeCamp/freeCodeCamp,419.72775000000547,150545,2024-11-14T17:45:24.325Z
47,GRAPHQL,Medium,freeCodeCamp/freeCodeCamp,526.9338330000028,11659,2024-11-14T17:45:24.852Z
48,REST,Medium,freeCodeCamp/freeCodeCamp,456.2598330000037,150545,2024-11-14T17:45:26.311Z
48,GRAPHQL,Medium,freeCodeCamp/freeCodeCamp,365.05170799999905,11659,2024-11-14T17:45:26.676Z
49,REST,Medium,freeCodeCamp/freeCodeCamp,450.36316700000316,150545,2024-11-14T17:45:28.129Z
49,GRAPHQL,Medium,freeCodeCamp/freeCodeCamp,408.9940840000054,11659,2024-11-14T17:45:28.538Z
50,REST,Medium,freeCodeCamp/freeCodeCamp,499.7814999999973,150545,2024-11-14T17:45:30.040Z
50,GRAPHQL,Medium,freeCodeCamp/freeCodeCamp,382.34666700000525,11659,2024-11-14T17:45:30.423Z
51,REST,Medium,freeCodeCamp/freeCodeCamp,394.98729099999764,150545,2024-11-14T17:45:31.821Z
51,GRAPHQL,Medium,freeCodeCamp/freeCodeCamp,502.8393339999893,11659,2024-11-14T17:45:32.324Z
52,REST,Medium,freeCodeCamp/freeCodeCamp,467.90487500000745,150545,2024-11-14T17:45:33.793Z
52,GRAPHQL,Medium,freeCodeCamp/freeCodeCamp,477.45516599999974,11659,2024-11-14T17:45:34.271Z
53,REST,Medium,freeCodeCamp/freeCodeCamp,422.06912499999453,150545,2024-11-14T17:45:35.695Z
53,GRAPHQL,Medium,freeCodeCamp/freeCodeCamp,520.2547080000077,11659,2024-11-14T17:45:36.215Z
54,REST,Medium,freeCodeCamp/freeCodeCamp,514.0036669999972,150545,2024-11-14T17:45:37.732Z
54,GRAPHQL,Medium,freeCodeCamp/freeCodeCamp,533.7319169999973,11659,2024-11-14T17:45:38.266Z
55,REST,Medium,freeCodeCamp/freeCodeCamp,401.4552079999994,150545,2024-11-14T17:45:39.670Z
55,GRAPHQL,Medium,freeCodeCamp/freeCodeCamp,439.5000410000066,11659,2024-11-14T17:45:40.109Z
56,REST,Medium,freeCodeCamp/freeCodeCamp,443.9788750000007,150545,2024-11-14T17:45:41.555Z
56,GRAPHQL,Medium,freeCodeCamp/freeCodeCamp,504.5652909999917,11659,2024-11-14T17:45:42.059Z
57,REST,Medium,freeCodeCamp/freeCodeCamp,460.0218750000058,150545,2024-11-14T17:45:43.522Z
57,GRAPHQL,Medium,freeCodeCamp/freeCodeCamp,378.5757079999894,11659,2024-11-14T17:45:43.900Z
58,REST,Medium,freeCodeCamp/freeCodeCamp,480.1821670000063,150545,2024-11-14T17:45:45.387Z
58,GRAPHQL,Medium,freeCodeCamp/freeCodeCamp,454.58345800000825,11659,2024-11-14T17:45:45.842Z
59,REST,Medium,freeCodeCamp/freeCodeCamp,376.65062499999476,150545,2024-11-14T17:45:47.220Z
59,GRAPHQL,Medium,freeCodeCamp/freeCodeCamp,574.1542499999923,11659,2024-11-14T17:45:47.794Z
60,REST,Medium,freeCodeCamp/freeCodeCamp,399.41362500000105,150545,2024-11-14T17:45:49.198Z
60,GRAPHQL,Medium,freeCodeCamp/freeCodeCamp,399.4108750000014,11659,2024-11-14T17:45:49.598Z
61,REST,Complex,freeCodeCamp/freeCodeCamp,1349.7309169999935,743218,2024-11-14T17:45:51.952Z
61,GRAPHQL,Complex,freeCodeCamp/freeCodeCamp,533.5558750000055,20522,2024-11-14T17:45:52.486Z
62,REST,Complex,freeCodeCamp/freeCodeCamp,794.3024589999986,743218,2024-11-14T17:45:54.285Z
62,GRAPHQL,Complex,freeCodeCamp/freeCodeCamp,583.155666000006,20522,2024-11-14T17:45:54.868Z
63,REST,Complex,freeCodeCamp/freeCodeCamp,626.9262909999961,743218,2024-11-14T17:45:56.501Z
63,GRAPHQL,Complex,freeCodeCamp/freeCodeCamp,502.0662089999969,20522,2024-11-14T17:45:57.003Z
64,REST,Complex,freeCodeCamp/freeCodeCamp,692.4066670000029,743218,2024-11-14T17:45:58.699Z
64,GRAPHQL,Complex,freeCodeCamp/freeCodeCamp,557.6262500000012,20522,2024-11-14T17:45:59.257Z
65,REST,Complex,freeCodeCamp/freeCodeCamp,626.3597500000033,743218,2024-11-14T17:46:00.888Z
65,GRAPHQL,Complex,freeCodeCamp/freeCodeCamp,615.2933330000087,20522,2024-11-14T17:46:01.504Z
66,REST,Complex,freeCodeCamp/freeCodeCamp,608.9722500000062,743218,2024-11-14T17:46:03.118Z
66,GRAPHQL,Complex,freeCodeCamp/freeCodeCamp,534.25179200001,20522,2024-11-14T17:46:03.653Z
67,REST,Complex,freeCodeCamp/freeCodeCamp,754.9794589999947,743218,2024-11-14T17:46:05.412Z
67,GRAPHQL,Complex,freeCodeCamp/freeCodeCamp,638.7462499999965,20522,2024-11-14T17:46:06.051Z
68,REST,Complex,freeCodeCamp/freeCodeCamp,714.4799580000108,743218,2024-11-14T17:46:07.770Z
68,GRAPHQL,Complex,freeCodeCamp/freeCodeCamp,596.9581250000047,20522,2024-11-14T17:46:08.367Z
69,REST,Complex,freeCodeCamp/freeCodeCamp,706.1214999999938,743218,2024-11-14T17:46:10.077Z
69,GRAPHQL,Complex,freeCodeCamp/freeCodeCamp,532.623958000011,20522,2024-11-14T17:46:10.610Z
70,REST,Complex,freeCodeCamp/freeCodeCamp,649.4301669999986,743218,2024-11-14T17:46:12.263Z
70,GRAPHQL,Complex,freeCodeCamp/freeCodeCamp,510.9630840000027,20522,2024-11-14T17:46:12.774Z
71,REST,Complex,freeCodeCamp/freeCodeCamp,902.5599999999977,743218,2024-11-14T17:46:14.681Z
71,GRAPHQL,Complex,freeCodeCamp/freeCodeCamp,495.96404099999927,20522,2024-11-14T17:46:15.177Z
72,REST,Complex,freeCodeCamp/freeCodeCamp,570.1221669999941,743218,2024-11-14T17:46:16.750Z
72,GRAPHQL,Complex,freeCodeCamp/freeCodeCamp,504.5602089999884,20522,2024-11-14T17:46:17.255Z
73,REST,Complex,freeCodeCamp/freeCodeCamp,568.0273330000055,743218,2024-11-14T17:46:18.828Z
73,GRAPHQL,Complex,freeCodeCamp/freeCodeCamp,702.7165840000089,20522,2024-11-14T17:46:19.531Z
74,REST,Complex,freeCodeCamp/freeCodeCamp,645.9078750000044,743218,2024-11-14T17:46:21.182Z
74,GRAPHQL,Complex,freeCodeCamp/freeCodeCamp,471.19495899998583,20522,2024-11-14T17:46:21.653Z
75,REST,Complex,freeCodeCamp/freeCodeCamp,646.6681670000253,743218,2024-11-14T17:46:23.306Z
75,GRAPHQL,Complex,freeCodeCamp/freeCodeCamp,527.669166000007,20522,2024-11-14T17:46:23.834Z
76,REST,Complex,freeCodeCamp/freeCodeCamp,599.5838750000112,743218,2024-11-14T17:46:25.437Z
76,GRAPHQL,Complex,freeCodeCamp/freeCodeCamp,813.7079170000216,20522,2024-11-14T17:46:26.251Z
77,REST,Complex,freeCodeCamp/freeCodeCamp,607.2901249999995,743218,2024-11-14T17:46:27.862Z
77,GRAPHQL,Complex,freeCodeCamp/freeCodeCamp,466.042999999976,20522,2024-11-14T17:46:28.329Z
78,REST,Complex,freeCodeCamp/freeCodeCamp,616.124959000008,743218,2024-11-14T17:46:29.949Z
78,GRAPHQL,Complex,freeCodeCamp/freeCodeCamp,687.4720830000006,20522,2024-11-14T17:46:30.636Z
79,REST,Complex,freeCodeCamp/freeCodeCamp,690.833249999996,743218,2024-11-14T17:46:32.331Z
79,GRAPHQL,Complex,freeCodeCamp/freeCodeCamp,507.004958000005,20522,2024-11-14T17:46:32.838Z
80,REST,Complex,freeCodeCamp/freeCodeCamp,527.1688330000034,743218,2024-11-14T17:46:34.367Z
80,GRAPHQL,Complex,freeCodeCamp/freeCodeCamp,525.8413329999894,20522,2024-11-14T17:46:34.893Z
81,REST,Complex,freeCodeCamp/freeCodeCamp,515.2404590000224,743218,2024-11-14T17:46:36.413Z
81,GRAPHQL,Complex,freeCodeCamp/freeCodeCamp,725.8358749999898,20522,2024-11-14T17:46:37.139Z
82,REST,Complex,freeCodeCamp/freeCodeCamp,637.1262080000015,743218,2024-11-14T17:46:38.780Z
82,GRAPHQL,Complex,freeCodeCamp/freeCodeCamp,518.2718750000058,20522,2024-11-14T17:46:39.299Z
83,REST,Complex,freeCodeCamp/freeCodeCamp,661.0580840000184,743218,2024-11-14T17:46:40.965Z
83,GRAPHQL,Complex,freeCodeCamp/freeCodeCamp,700.4117090000072,20522,2024-11-14T17:46:41.665Z
84,REST,Complex,freeCodeCamp/freeCodeCamp,745.1680829999968,743218,2024-11-14T17:46:43.414Z
84,GRAPHQL,Complex,freeCodeCamp/freeCodeCamp,579.3665829999954,20522,2024-11-14T17:46:43.994Z
85,REST,Complex,freeCodeCamp/freeCodeCamp,540.9197910000221,743218,2024-11-14T17:46:45.539Z
85,GRAPHQL,Complex,freeCodeCamp/freeCodeCamp,617.2971660000039,20522,2024-11-14T17:46:46.157Z
86,REST,Complex,freeCodeCamp/freeCodeCamp,621.2831250000163,743218,2024-11-14T17:46:47.782Z
86,GRAPHQL,Complex,freeCodeCamp/freeCodeCamp,627.3712499999965,20522,2024-11-14T17:46:48.410Z
87,REST,Complex,freeCodeCamp/freeCodeCamp,573.6222919999855,743218,2024-11-14T17:46:49.987Z
87,GRAPHQL,Complex,freeCodeCamp/freeCodeCamp,573.8577090000035,20522,2024-11-14T17:46:50.561Z
88,REST,Complex,freeCodeCamp/freeCodeCamp,637.2377919999999,743218,2024-11-14T17:46:52.203Z
88,GRAPHQL,Complex,freeCodeCamp/freeCodeCamp,610.2001670000027,20522,2024-11-14T17:46:52.813Z
89,REST,Complex,freeCodeCamp/freeCodeCamp,738.6232909999962,743218,2024-11-14T17:46:54.555Z
89,GRAPHQL,Complex,freeCodeCamp/freeCodeCamp,598.5505420000118,20522,2024-11-14T17:46:55.153Z
90,REST,Complex,freeCodeCamp/freeCodeCamp,587.1567500000237,744418,2024-11-14T17:46:56.744Z
90,GRAPHQL,Complex,freeCodeCamp/freeCodeCamp,469.8393329999817,20522,2024-11-14T17:46:57.214Z
91,REST,Basic,EbookFoundation/free-programming-books,332.9589580000029,7460,2024-11-14T17:46:58.549Z
91,GRAPHQL,Basic,EbookFoundation/free-programming-books,304.7674169999955,149,2024-11-14T17:46:58.854Z
92,REST,Basic,EbookFoundation/free-programming-books,431.70220900001004,7460,2024-11-14T17:47:00.288Z
92,GRAPHQL,Basic,EbookFoundation/free-programming-books,410.56120799999917,149,2024-11-14T17:47:00.698Z
93,REST,Basic,EbookFoundation/free-programming-books,329.4206659999909,7460,2024-11-14T17:47:02.029Z
93,GRAPHQL,Basic,EbookFoundation/free-programming-books,306.86691599999904,149,2024-11-14T17:47:02.336Z
94,REST,Basic,EbookFoundation/free-programming-books,327.2623329999915,7460,2024-11-14T17:47:03.665Z
94,GRAPHQL,Basic,EbookFoundation/free-programming-books,307.11824999999953,149,2024-11-14T17:47:03.972Z
95,REST,Basic,EbookFoundation/free-programming-books,329.87987500001327,7460,2024-11-14T17:47:05.303Z
95,GRAPHQL,Basic,EbookFoundation/free-programming-books,306.33974999998463,149,2024-11-14T17:47:05.610Z
96,REST,Basic,EbookFoundation/free-programming-books,431.948166999995,7460,2024-11-14T17:47:07.044Z
96,GRAPHQL,Basic,EbookFoundation/free-programming-books,265.7340410000179,149,2024-11-14T17:47:07.310Z
97,REST,Basic,EbookFoundation/free-programming-books,374.7186249999795,7460,2024-11-14T17:47:08.686Z
97,GRAPHQL,Basic,EbookFoundation/free-programming-books,408.4071249999979,149,2024-11-14T17:47:09.094Z
98,REST,Basic,EbookFoundation/free-programming-books,328.1994169999962,7460,2024-11-14T17:47:10.424Z
98,GRAPHQL,Basic,EbookFoundation/free-programming-books,253.208083000005,149,2024-11-14T17:47:10.677Z
99,REST,Basic,EbookFoundation/free-programming-books,383.54354199999943,7460,2024-11-14T17:47:12.062Z
99,GRAPHQL,Basic,EbookFoundation/free-programming-books,305.3118339999928,149,2024-11-14T17:47:12.367Z
100,REST,Basic,EbookFoundation/free-programming-books,432.0859169999894,7460,2024-11-14T17:47:13.801Z
100,GRAPHQL,Basic,EbookFoundation/free-programming-books,277.14674999998533,149,2024-11-14T17:47:14.078Z
101,REST,Basic,EbookFoundation/free-programming-books,345.3926250000077,7460,2024-11-14T17:47:15.425Z
101,GRAPHQL,Basic,EbookFoundation/free-programming-books,323.4304159999883,149,2024-11-14T17:47:15.748Z
102,REST,Basic,EbookFoundation/free-programming-books,295.32720900001004,7460,2024-11-14T17:47:17.045Z
102,GRAPHQL,Basic,EbookFoundation/free-programming-books,278.8136249999807,149,2024-11-14T17:47:17.324Z
103,REST,Basic,EbookFoundation/free-programming-books,341.8648749999993,7460,2024-11-14T17:47:18.668Z
103,GRAPHQL,Basic,EbookFoundation/free-programming-books,358.20833300001686,149,2024-11-14T17:47:19.026Z
104,REST,Basic,EbookFoundation/free-programming-books,329.2089580000029,7460,2024-11-14T17:47:20.357Z
104,GRAPHQL,Basic,EbookFoundation/free-programming-books,307.27987500000745,149,2024-11-14T17:47:20.664Z
105,REST,Basic,EbookFoundation/free-programming-books,330.0361660000053,7460,2024-11-14T17:47:21.996Z
105,GRAPHQL,Basic,EbookFoundation/free-programming-books,310.328582999995,149,2024-11-14T17:47:22.306Z
106,REST,Basic,EbookFoundation/free-programming-books,376.24795900000026,7460,2024-11-14T17:47:23.683Z
106,GRAPHQL,Basic,EbookFoundation/free-programming-books,360.20866699999897,149,2024-11-14T17:47:24.043Z
107,REST,Basic,EbookFoundation/free-programming-books,433.68879200000083,7460,2024-11-14T17:47:25.479Z
107,GRAPHQL,Basic,EbookFoundation/free-programming-books,408.4453329999815,149,2024-11-14T17:47:25.887Z
108,REST,Basic,EbookFoundation/free-programming-books,328.0069159999839,7460,2024-11-14T17:47:27.217Z
108,GRAPHQL,Basic,EbookFoundation/free-programming-books,413.0987920000043,149,2024-11-14T17:47:27.630Z
109,REST,Basic,EbookFoundation/free-programming-books,320.28779199998826,7460,2024-11-14T17:47:28.952Z
109,GRAPHQL,Basic,EbookFoundation/free-programming-books,414.34500000000116,149,2024-11-14T17:47:29.367Z
110,REST,Basic,EbookFoundation/free-programming-books,434.2507500000065,7460,2024-11-14T17:47:30.802Z
110,GRAPHQL,Basic,EbookFoundation/free-programming-books,305.67491699999664,149,2024-11-14T17:47:31.108Z
111,REST,Basic,EbookFoundation/free-programming-books,331.16795800000546,7460,2024-11-14T17:47:32.440Z
111,GRAPHQL,Basic,EbookFoundation/free-programming-books,407.2098330000008,149,2024-11-14T17:47:32.848Z
112,REST,Basic,EbookFoundation/free-programming-books,339.4714169999934,7460,2024-11-14T17:47:34.189Z
112,GRAPHQL,Basic,EbookFoundation/free-programming-books,296.076791999978,149,2024-11-14T17:47:34.485Z
113,REST,Basic,EbookFoundation/free-programming-books,436.02987500000745,7460,2024-11-14T17:47:35.922Z
113,GRAPHQL,Basic,EbookFoundation/free-programming-books,408.70220800000243,149,2024-11-14T17:47:36.331Z
114,REST,Basic,EbookFoundation/free-programming-books,329.21549999999115,7460,2024-11-14T17:47:37.662Z
114,GRAPHQL,Basic,EbookFoundation/free-programming-books,306.51591700001154,149,2024-11-14T17:47:37.968Z
115,REST,Basic,EbookFoundation/free-programming-books,431.87579099999857,7460,2024-11-14T17:47:39.402Z
115,GRAPHQL,Basic,EbookFoundation/free-programming-books,411.11337500001537,149,2024-11-14T17:47:39.813Z
116,REST,Basic,EbookFoundation/free-programming-books,328.84775000001537,7460,2024-11-14T17:47:41.143Z
116,GRAPHQL,Basic,EbookFoundation/free-programming-books,306.85679200000595,149,2024-11-14T17:47:41.450Z
117,REST,Basic,EbookFoundation/free-programming-books,323.65466699999524,7460,2024-11-14T17:47:42.775Z
117,GRAPHQL,Basic,EbookFoundation/free-programming-books,314.368083999987,149,2024-11-14T17:47:43.089Z
118,REST,Basic,EbookFoundation/free-programming-books,431.35349999999744,7460,2024-11-14T17:47:44.521Z
118,GRAPHQL,Basic,EbookFoundation/free-programming-books,307.7516659999965,149,2024-11-14T17:47:44.829Z
119,REST,Basic,EbookFoundation/free-programming-books,317.77170800001477,7460,2024-11-14T17:47:46.148Z
119,GRAPHQL,Basic,EbookFoundation/free-programming-books,295.700708999997,149,2024-11-14T17:47:46.444Z
120,REST,Basic,EbookFoundation/free-programming-books,339.7839169999934,7460,2024-11-14T17:47:47.785Z
120,GRAPHQL,Basic,EbookFoundation/free-programming-books,323.10450000001583,149,2024-11-14T17:47:48.108Z
121,REST,Medium,EbookFoundation/free-programming-books,676.5656670000171,130873,2024-11-14T17:47:49.786Z
121,GRAPHQL,Medium,EbookFoundation/free-programming-books,307.25266600001487,4087,2024-11-14T17:47:50.093Z
122,REST,Medium,EbookFoundation/free-programming-books,426.99183400001493,130873,2024-11-14T17:47:51.522Z
122,GRAPHQL,Medium,EbookFoundation/free-programming-books,376.2195420000062,4087,2024-11-14T17:47:51.898Z
123,REST,Medium,EbookFoundation/free-programming-books,473.23475000000326,130873,2024-11-14T17:47:53.372Z
123,GRAPHQL,Medium,EbookFoundation/free-programming-books,468.7046670000127,4087,2024-11-14T17:47:53.841Z
124,REST,Medium,EbookFoundation/free-programming-books,492.2432909999916,130873,2024-11-14T17:47:55.336Z
124,GRAPHQL,Medium,EbookFoundation/free-programming-books,350.8373750000028,4087,2024-11-14T17:47:55.687Z
125,REST,Medium,EbookFoundation/free-programming-books,436.5323340000177,130873,2024-11-14T17:47:57.124Z
125,GRAPHQL,Medium,EbookFoundation/free-programming-books,405.2716670000227,4087,2024-11-14T17:47:57.530Z
126,REST,Medium,EbookFoundation/free-programming-books,433.13474999999744,130873,2024-11-14T17:47:58.965Z
126,GRAPHQL,Medium,EbookFoundation/free-programming-books,406.29558299999917,4087,2024-11-14T17:47:59.372Z
127,REST,Medium,EbookFoundation/free-programming-books,414.44779199999175,130873,2024-11-14T17:48:00.789Z
127,GRAPHQL,Medium,EbookFoundation/free-programming-books,314.15708400000585,4087,2024-11-14T17:48:01.103Z
128,REST,Medium,EbookFoundation/free-programming-books,501.41300000000047,130873,2024-11-14T17:48:02.606Z
128,GRAPHQL,Medium,EbookFoundation/free-programming-books,420.0339999999851,4087,2024-11-14T17:48:03.026Z
129,REST,Medium,EbookFoundation/free-programming-books,377.590750000003,130873,2024-11-14T17:48:04.406Z
129,GRAPHQL,Medium,EbookFoundation/free-programming-books,395.2829170000041,4087,2024-11-14T17:48:04.801Z
130,REST,Medium,EbookFoundation/free-programming-books,434.3109589999949,130873,2024-11-14T17:48:06.238Z
130,GRAPHQL,Medium,EbookFoundation/free-programming-books,406.1035839999968,4087,2024-11-14T17:48:06.644Z
131,REST,Medium,EbookFoundation/free-programming-books,426.78141699999105,130873,2024-11-14T17:48:08.073Z
131,GRAPHQL,Medium,EbookFoundation/free-programming-books,413.1712909999769,4087,2024-11-14T17:48:08.486Z
132,REST,Medium,EbookFoundation/free-programming-books,464.0498340000049,130873,2024-11-14T17:48:09.952Z
132,GRAPHQL,Medium,EbookFoundation/free-programming-books,378.28958399998373,4087,2024-11-14T17:48:10.330Z
133,REST,Medium,EbookFoundation/free-programming-books,436.10195800001384,130873,2024-11-14T17:48:11.767Z
133,GRAPHQL,Medium,EbookFoundation/free-programming-books,313.37812499998836,4087,2024-11-14T17:48:12.081Z
134,REST,Medium,EbookFoundation/free-programming-books,429.60229200002505,130873,2024-11-14T17:48:13.513Z
134,GRAPHQL,Medium,EbookFoundation/free-programming-books,402.81587500000023,4087,2024-11-14T17:48:13.916Z
135,REST,Medium,EbookFoundation/free-programming-books,430.53162500000326,130873,2024-11-14T17:48:15.349Z
135,GRAPHQL,Medium,EbookFoundation/free-programming-books,363.21383299998706,4087,2024-11-14T17:48:15.713Z
136,REST,Medium,EbookFoundation/free-programming-books,470.17887500001234,130873,2024-11-14T17:48:17.185Z
136,GRAPHQL,Medium,EbookFoundation/free-programming-books,337.41150000001653,4087,2024-11-14T17:48:17.522Z
137,REST,Medium,EbookFoundation/free-programming-books,435.2864999999874,130873,2024-11-14T17:48:18.959Z
137,GRAPHQL,Medium,EbookFoundation/free-programming-books,315.9961670000048,4087,2024-11-14T17:48:19.275Z
138,REST,Medium,EbookFoundation/free-programming-books,396.76016599999275,130873,2024-11-14T17:48:20.675Z
138,GRAPHQL,Medium,EbookFoundation/free-programming-books,351.33554199998616,4087,2024-11-14T17:48:21.026Z
139,REST,Medium,EbookFoundation/free-programming-books,389.8592500000086,130873,2024-11-14T17:48:22.418Z
139,GRAPHQL,Medium,EbookFoundation/free-programming-books,396.9139160000195,4087,2024-11-14T17:48:22.815Z
140,REST,Medium,EbookFoundation/free-programming-books,441.89958299999125,130873,2024-11-14T17:48:24.259Z
140,GRAPHQL,Medium,EbookFoundation/free-programming-books,406.2066250000207,4087,2024-11-14T17:48:24.665Z
141,REST,Medium,EbookFoundation/free-programming-books,435.1681669999962,130873,2024-11-14T17:48:26.102Z
141,GRAPHQL,Medium,EbookFoundation/free-programming-books,466.19754100003047,4087,2024-11-14T17:48:26.568Z
142,REST,Medium,EbookFoundation/free-programming-books,391.41970800003037,130873,2024-11-14T17:48:27.962Z
142,GRAPHQL,Medium,EbookFoundation/free-programming-books,390.356334000011,4087,2024-11-14T17:48:28.352Z
143,REST,Medium,EbookFoundation/free-programming-books,478.1535830000066,130873,2024-11-14T17:48:29.833Z
143,GRAPHQL,Medium,EbookFoundation/free-programming-books,464.7773750000051,4087,2024-11-14T17:48:30.298Z
144,REST,Medium,EbookFoundation/free-programming-books,434.1123750000261,130873,2024-11-14T17:48:31.734Z
144,GRAPHQL,Medium,EbookFoundation/free-programming-books,408.5431669999962,4087,2024-11-14T17:48:32.143Z
145,REST,Medium,EbookFoundation/free-programming-books,414.0332499999786,130873,2024-11-14T17:48:33.559Z
145,GRAPHQL,Medium,EbookFoundation/free-programming-books,426.84766700002365,4087,2024-11-14T17:48:33.985Z
146,REST,Medium,EbookFoundation/free-programming-books,387.43316600000253,130873,2024-11-14T17:48:35.374Z
146,GRAPHQL,Medium,EbookFoundation/free-programming-books,450.3336249999702,4087,2024-11-14T17:48:35.825Z
147,REST,Medium,EbookFoundation/free-programming-books,426.2515410000342,130873,2024-11-14T17:48:37.253Z
147,GRAPHQL,Medium,EbookFoundation/free-programming-books,417.8917089999886,4087,2024-11-14T17:48:37.671Z
148,REST,Medium,EbookFoundation/free-programming-books,405.1260839999886,130873,2024-11-14T17:48:39.079Z
148,GRAPHQL,Medium,EbookFoundation/free-programming-books,330.92283400002634,4087,2024-11-14T17:48:39.410Z
149,REST,Medium,EbookFoundation/free-programming-books,436.6324579999782,130873,2024-11-14T17:48:40.849Z
149,GRAPHQL,Medium,EbookFoundation/free-programming-books,405.6770419999957,4087,2024-11-14T17:48:41.254Z
150,REST,Medium,EbookFoundation/free-programming-books,440.15279100002954,130873,2024-11-14T17:48:42.697Z
150,GRAPHQL,Medium,EbookFoundation/free-programming-books,374.80629199999385,4087,2024-11-14T17:48:43.072Z
151,REST,Complex,EbookFoundation/free-programming-books,1058.017416000017,735034,2024-11-14T17:48:45.136Z
151,GRAPHQL,Complex,EbookFoundation/free-programming-books,462.42312499997206,10429,2024-11-14T17:48:45.599Z
152,REST,Complex,EbookFoundation/free-programming-books,843.0198749999981,735034,2024-11-14T17:48:47.447Z
152,GRAPHQL,Complex,EbookFoundation/free-programming-books,398.05979099997785,10429,2024-11-14T17:48:47.845Z
153,REST,Complex,EbookFoundation/free-programming-books,887.6359170000069,735034,2024-11-14T17:48:49.739Z
153,GRAPHQL,Complex,EbookFoundation/free-programming-books,493.6867499999935,10429,2024-11-14T17:48:50.233Z
154,REST,Complex,EbookFoundation/free-programming-books,1081.9817909999983,735034,2024-11-14T17:48:52.324Z
154,GRAPHQL,Complex,EbookFoundation/free-programming-books,444.6182919999701,10429,2024-11-14T17:48:52.769Z
155,REST,Complex,EbookFoundation/free-programming-books,662.9459580000257,735034,2024-11-14T17:48:54.437Z
155,GRAPHQL,Complex,EbookFoundation/free-programming-books,537.9500000000116,10429,2024-11-14T17:48:54.975Z
156,REST,Complex,EbookFoundation/free-programming-books,748.8991660000174,735034,2024-11-14T17:48:56.730Z
156,GRAPHQL,Complex,EbookFoundation/free-programming-books,499.37362500000745,10429,2024-11-14T17:48:57.230Z
157,REST,Complex,EbookFoundation/free-programming-books,848.6179999999586,735034,2024-11-14T17:48:59.084Z
157,GRAPHQL,Complex,EbookFoundation/free-programming-books,433.84787500003586,10429,2024-11-14T17:48:59.518Z
158,REST,Complex,EbookFoundation/free-programming-books,746.2439590000431,735034,2024-11-14T17:49:01.269Z
158,GRAPHQL,Complex,EbookFoundation/free-programming-books,512.8156660000095,10429,2024-11-14T17:49:01.782Z
159,REST,Complex,EbookFoundation/free-programming-books,799.6660419999971,735034,2024-11-14T17:49:03.589Z
159,GRAPHQL,Complex,EbookFoundation/free-programming-books,449.03712500003166,10429,2024-11-14T17:49:04.038Z
160,REST,Complex,EbookFoundation/free-programming-books,900.7284160000272,735034,2024-11-14T17:49:05.945Z
160,GRAPHQL,Complex,EbookFoundation/free-programming-books,437.97441700001946,10429,2024-11-14T17:49:06.383Z
161,REST,Complex,EbookFoundation/free-programming-books,809.3127909999457,735034,2024-11-14T17:49:08.196Z
161,GRAPHQL,Complex,EbookFoundation/free-programming-books,383.8354999999865,10429,2024-11-14T17:49:08.580Z
162,REST,Complex,EbookFoundation/free-programming-books,658.4655839999905,735034,2024-11-14T17:49:10.244Z
162,GRAPHQL,Complex,EbookFoundation/free-programming-books,407.33862500003306,10429,2024-11-14T17:49:10.651Z
163,REST,Complex,EbookFoundation/free-programming-books,842.6653340000194,735034,2024-11-14T17:49:12.500Z
163,GRAPHQL,Complex,EbookFoundation/free-programming-books,483.3032499999972,10429,2024-11-14T17:49:12.983Z
164,REST,Complex,EbookFoundation/free-programming-books,671.0146249999525,735034,2024-11-14T17:49:14.658Z
164,GRAPHQL,Complex,EbookFoundation/free-programming-books,470.06387499999255,10429,2024-11-14T17:49:15.129Z
165,REST,Complex,EbookFoundation/free-programming-books,664.9680839999928,735034,2024-11-14T17:49:16.802Z
165,GRAPHQL,Complex,EbookFoundation/free-programming-books,493.95516700000735,10429,2024-11-14T17:49:17.296Z
166,REST,Complex,EbookFoundation/free-programming-books,565.1336250000168,735034,2024-11-14T17:49:18.868Z
166,GRAPHQL,Complex,EbookFoundation/free-programming-books,399.4860409999965,10429,2024-11-14T17:49:19.267Z
167,REST,Complex,EbookFoundation/free-programming-books,621.5344580000383,735034,2024-11-14T17:49:20.895Z
167,GRAPHQL,Complex,EbookFoundation/free-programming-books,499.6259999999893,10429,2024-11-14T17:49:21.394Z
168,REST,Complex,EbookFoundation/free-programming-books,619.0147500000312,735034,2024-11-14T17:49:23.018Z
168,GRAPHQL,Complex,EbookFoundation/free-programming-books,526.0194580000243,10429,2024-11-14T17:49:23.545Z
169,REST,Complex,EbookFoundation/free-programming-books,905.067791999958,735034,2024-11-14T17:49:25.470Z
169,GRAPHQL,Complex,EbookFoundation/free-programming-books,440.17291699995985,10429,2024-11-14T17:49:25.911Z
170,REST,Complex,EbookFoundation/free-programming-books,750.2087920000195,735034,2024-11-14T17:49:27.666Z
170,GRAPHQL,Complex,EbookFoundation/free-programming-books,488.2180830000434,10429,2024-11-14T17:49:28.154Z
171,REST,Complex,EbookFoundation/free-programming-books,743.3649580000201,735034,2024-11-14T17:49:29.904Z
171,GRAPHQL,Complex,EbookFoundation/free-programming-books,514.1881670000148,10429,2024-11-14T17:49:30.418Z
172,REST,Complex,EbookFoundation/free-programming-books,975.1298749999842,735034,2024-11-14T17:49:32.396Z
172,GRAPHQL,Complex,EbookFoundation/free-programming-books,432.13550000003306,10429,2024-11-14T17:49:32.828Z
173,REST,Complex,EbookFoundation/free-programming-books,645.8394170000101,735034,2024-11-14T17:49:34.487Z
173,GRAPHQL,Complex,EbookFoundation/free-programming-books,494.73737499996787,10429,2024-11-14T17:49:34.982Z
174,REST,Complex,EbookFoundation/free-programming-books,938.0208749999874,735034,2024-11-14T17:49:36.927Z
174,GRAPHQL,Complex,EbookFoundation/free-programming-books,478.2942080000066,10429,2024-11-14T17:49:37.406Z
175,REST,Complex,EbookFoundation/free-programming-books,662.8397090000217,735034,2024-11-14T17:49:39.074Z
175,GRAPHQL,Complex,EbookFoundation/free-programming-books,723.1239579999819,10429,2024-11-14T17:49:39.798Z
176,REST,Complex,EbookFoundation/free-programming-books,640.3570419999887,735034,2024-11-14T17:49:41.444Z
176,GRAPHQL,Complex,EbookFoundation/free-programming-books,443.4393750000163,10429,2024-11-14T17:49:41.887Z
177,REST,Complex,EbookFoundation/free-programming-books,698.2653750000172,735034,2024-11-14T17:49:43.592Z
177,GRAPHQL,Complex,EbookFoundation/free-programming-books,537.0266249999986,10429,2024-11-14T17:49:44.129Z
178,REST,Complex,EbookFoundation/free-programming-books,702.260083000001,735034,2024-11-14T17:49:45.847Z
178,GRAPHQL,Complex,EbookFoundation/free-programming-books,474.0323339999886,10429,2024-11-14T17:49:46.321Z
179,REST,Complex,EbookFoundation/free-programming-books,707.3253750000149,735034,2024-11-14T17:49:48.035Z
179,GRAPHQL,Complex,EbookFoundation/free-programming-books,486.5531250000349,10429,2024-11-14T17:49:48.522Z
180,REST,Complex,EbookFoundation/free-programming-books,689.0992090000072,735034,2024-11-14T17:49:50.216Z
180,GRAPHQL,Complex,EbookFoundation/free-programming-books,411.7644159999909,10429,2024-11-14T17:49:50.628Z
181,REST,Basic,sindresorhus/awesome,309.57191699999385,5475,2024-11-14T17:49:51.939Z
181,GRAPHQL,Basic,sindresorhus/awesome,250.3852500000503,146,2024-11-14T17:49:52.190Z
182,REST,Basic,sindresorhus/awesome,353.33237499999814,5475,2024-11-14T17:49:53.545Z
182,GRAPHQL,Basic,sindresorhus/awesome,308.5806250000023,146,2024-11-14T17:49:53.854Z
183,REST,Basic,sindresorhus/awesome,375.35204099997645,5475,2024-11-14T17:49:55.231Z
183,GRAPHQL,Basic,sindresorhus/awesome,292.13770799996564,146,2024-11-14T17:49:55.523Z
184,REST,Basic,sindresorhus/awesome,280.45208400004776,5475,2024-11-14T17:49:56.805Z
184,GRAPHQL,Basic,sindresorhus/awesome,245.053041999985,146,2024-11-14T17:49:57.050Z
185,REST,Basic,sindresorhus/awesome,325.26412499998696,5475,2024-11-14T17:49:58.378Z
185,GRAPHQL,Basic,sindresorhus/awesome,281.17775000003166,146,2024-11-14T17:49:58.659Z
186,REST,Basic,sindresorhus/awesome,288.4157919999561,5475,2024-11-14T17:49:59.948Z
186,GRAPHQL,Basic,sindresorhus/awesome,281.92854200000875,146,2024-11-14T17:50:00.230Z
187,REST,Basic,sindresorhus/awesome,297.7042500000098,5475,2024-11-14T17:50:01.531Z
187,GRAPHQL,Basic,sindresorhus/awesome,287.5665830000071,146,2024-11-14T17:50:01.819Z
188,REST,Basic,sindresorhus/awesome,282.6914159999578,5475,2024-11-14T17:50:03.103Z
188,GRAPHQL,Basic,sindresorhus/awesome,376.39870899997186,146,2024-11-14T17:50:03.479Z
189,REST,Basic,sindresorhus/awesome,263.0604160000221,5475,2024-11-14T17:50:04.744Z
189,GRAPHQL,Basic,sindresorhus/awesome,268.97916699998314,146,2024-11-14T17:50:05.013Z
190,REST,Basic,sindresorhus/awesome,286.24895799998194,5475,2024-11-14T17:50:06.302Z
190,GRAPHQL,Basic,sindresorhus/awesome,344.15474999998696,146,2024-11-14T17:50:06.646Z
191,REST,Basic,sindresorhus/awesome,337.20858299999963,5475,2024-11-14T17:50:07.985Z
191,GRAPHQL,Basic,sindresorhus/awesome,304.7867500000284,146,2024-11-14T17:50:08.290Z
192,REST,Basic,sindresorhus/awesome,330.2946670000092,5475,2024-11-14T17:50:09.622Z
192,GRAPHQL,Basic,sindresorhus/awesome,413.8363749999553,146,2024-11-14T17:50:10.036Z
193,REST,Basic,sindresorhus/awesome,328.34245799999917,5475,2024-11-14T17:50:11.366Z
193,GRAPHQL,Basic,sindresorhus/awesome,408.17795799998567,146,2024-11-14T17:50:11.774Z
194,REST,Basic,sindresorhus/awesome,329.36483399994904,5475,2024-11-14T17:50:13.106Z
194,GRAPHQL,Basic,sindresorhus/awesome,307.13591599999927,146,2024-11-14T17:50:13.414Z
195,REST,Basic,sindresorhus/awesome,279.5413749999716,5475,2024-11-14T17:50:14.694Z
195,GRAPHQL,Basic,sindresorhus/awesome,464.02966699999524,146,2024-11-14T17:50:15.158Z
196,REST,Basic,sindresorhus/awesome,325.27666699996917,5475,2024-11-14T17:50:16.487Z
196,GRAPHQL,Basic,sindresorhus/awesome,305.0582079999731,146,2024-11-14T17:50:16.792Z
197,REST,Basic,sindresorhus/awesome,330.5093749999651,5475,2024-11-14T17:50:18.123Z
197,GRAPHQL,Basic,sindresorhus/awesome,307.2830829999875,146,2024-11-14T17:50:18.431Z
198,REST,Basic,sindresorhus/awesome,417.04883400001563,5475,2024-11-14T17:50:19.865Z
198,GRAPHQL,Basic,sindresorhus/awesome,306.21141600003466,146,2024-11-14T17:50:20.171Z
199,REST,Basic,sindresorhus/awesome,333.6267920000246,5475,2024-11-14T17:50:21.505Z
199,GRAPHQL,Basic,sindresorhus/awesome,283.0855829999782,146,2024-11-14T17:50:21.789Z
200,REST,Basic,sindresorhus/awesome,352.2539579999866,5475,2024-11-14T17:50:23.142Z
200,GRAPHQL,Basic,sindresorhus/awesome,302.58566599996993,146,2024-11-14T17:50:23.445Z
201,REST,Basic,sindresorhus/awesome,332.2180839999928,5475,2024-11-14T17:50:24.779Z
201,GRAPHQL,Basic,sindresorhus/awesome,308.5838750000112,146,2024-11-14T17:50:25.088Z
202,REST,Basic,sindresorhus/awesome,329.41608399996767,5475,2024-11-14T17:50:26.419Z
202,GRAPHQL,Basic,sindresorhus/awesome,307.5492080000113,146,2024-11-14T17:50:26.726Z
203,REST,Basic,sindresorhus/awesome,329.17137500003446,5475,2024-11-14T17:50:28.057Z
203,GRAPHQL,Basic,sindresorhus/awesome,306.12416599999415,146,2024-11-14T17:50:28.363Z
204,REST,Basic,sindresorhus/awesome,329.1435840000049,5475,2024-11-14T17:50:29.694Z
204,GRAPHQL,Basic,sindresorhus/awesome,275.32870800001547,146,2024-11-14T17:50:29.969Z
205,REST,Basic,sindresorhus/awesome,362.1519579999731,5475,2024-11-14T17:50:31.333Z
205,GRAPHQL,Basic,sindresorhus/awesome,307.117957999988,146,2024-11-14T17:50:31.640Z
206,REST,Basic,sindresorhus/awesome,260.71341600001324,5475,2024-11-14T17:50:32.903Z
206,GRAPHQL,Basic,sindresorhus/awesome,379.1262080000015,146,2024-11-14T17:50:33.282Z
207,REST,Basic,sindresorhus/awesome,270.5729580000043,5475,2024-11-14T17:50:34.554Z
207,GRAPHQL,Basic,sindresorhus/awesome,241.828125,146,2024-11-14T17:50:34.796Z
208,REST,Basic,sindresorhus/awesome,411.7428749999963,5475,2024-11-14T17:50:36.209Z
208,GRAPHQL,Basic,sindresorhus/awesome,565.476874999993,146,2024-11-14T17:50:36.775Z
209,REST,Basic,sindresorhus/awesome,268.7471249999944,5475,2024-11-14T17:50:38.046Z
209,GRAPHQL,Basic,sindresorhus/awesome,383.89187499997206,146,2024-11-14T17:50:38.430Z
210,REST,Basic,sindresorhus/awesome,1260.7618340000045,5475,2024-11-14T17:50:40.918Z
210,GRAPHQL,Basic,sindresorhus/awesome,257.85020800004713,146,2024-11-14T17:50:41.177Z
211,REST,Medium,sindresorhus/awesome,844.4561669999966,341385,2024-11-14T17:50:43.028Z
211,GRAPHQL,Medium,sindresorhus/awesome,311.7746669999906,1460,2024-11-14T17:50:43.340Z
212,REST,Medium,sindresorhus/awesome,407.7911670000176,341385,2024-11-14T17:50:44.751Z
212,GRAPHQL,Medium,sindresorhus/awesome,339.687707999954,1460,2024-11-14T17:50:45.091Z
213,REST,Medium,sindresorhus/awesome,426.0146250000107,341385,2024-11-14T17:50:46.523Z
213,GRAPHQL,Medium,sindresorhus/awesome,392.40200000000186,1460,2024-11-14T17:50:46.915Z
214,REST,Medium,sindresorhus/awesome,494.10150000004796,341385,2024-11-14T17:50:48.415Z
214,GRAPHQL,Medium,sindresorhus/awesome,296.7463749999879,1460,2024-11-14T17:50:48.712Z
215,REST,Medium,sindresorhus/awesome,412.13362499995856,341385,2024-11-14T17:50:50.130Z
215,GRAPHQL,Medium,sindresorhus/awesome,297.5476250000065,1460,2024-11-14T17:50:50.428Z
216,REST,Medium,sindresorhus/awesome,377.4602500000037,341385,2024-11-14T17:50:51.809Z
216,GRAPHQL,Medium,sindresorhus/awesome,298.50887499999953,1460,2024-11-14T17:50:52.107Z
217,REST,Medium,sindresorhus/awesome,430.54912500001956,341385,2024-11-14T17:50:53.540Z
217,GRAPHQL,Medium,sindresorhus/awesome,261.4756669999915,1460,2024-11-14T17:50:53.802Z
218,REST,Medium,sindresorhus/awesome,372.39024999999674,341385,2024-11-14T17:50:55.178Z
218,GRAPHQL,Medium,sindresorhus/awesome,300.03208400000585,1460,2024-11-14T17:50:55.478Z
219,REST,Medium,sindresorhus/awesome,425.84895800001686,341385,2024-11-14T17:50:56.907Z
219,GRAPHQL,Medium,sindresorhus/awesome,317.116875000007,1460,2024-11-14T17:50:57.224Z
220,REST,Medium,sindresorhus/awesome,455.6038749999716,341385,2024-11-14T17:50:58.683Z
220,GRAPHQL,Medium,sindresorhus/awesome,313.5580830000108,1460,2024-11-14T17:50:58.996Z
221,REST,Medium,sindresorhus/awesome,417.6045409999788,341385,2024-11-14T17:51:00.418Z
221,GRAPHQL,Medium,sindresorhus/awesome,327.61525000003166,1460,2024-11-14T17:51:00.746Z
222,REST,Medium,sindresorhus/awesome,474.29570800001966,341385,2024-11-14T17:51:02.224Z
222,GRAPHQL,Medium,sindresorhus/awesome,380.43204099999275,1460,2024-11-14T17:51:02.604Z
223,REST,Medium,sindresorhus/awesome,346.48024999996414,341385,2024-11-14T17:51:03.953Z
223,GRAPHQL,Medium,sindresorhus/awesome,453.7507500000065,1460,2024-11-14T17:51:04.407Z
224,REST,Medium,sindresorhus/awesome,406.51504199998453,341385,2024-11-14T17:51:05.819Z
224,GRAPHQL,Medium,sindresorhus/awesome,330.86154200002784,1460,2024-11-14T17:51:06.150Z
225,REST,Medium,sindresorhus/awesome,371.7383329999866,341385,2024-11-14T17:51:07.525Z
225,GRAPHQL,Medium,sindresorhus/awesome,310.85195899999235,1460,2024-11-14T17:51:07.836Z
226,REST,Medium,sindresorhus/awesome,361.45583300001454,341385,2024-11-14T17:51:09.202Z
226,GRAPHQL,Medium,sindresorhus/awesome,331.15620899997884,1460,2024-11-14T17:51:09.533Z
227,REST,Medium,sindresorhus/awesome,369.617750000034,341385,2024-11-14T17:51:10.905Z
227,GRAPHQL,Medium,sindresorhus/awesome,364.9765410000109,1460,2024-11-14T17:51:11.271Z
228,REST,Medium,sindresorhus/awesome,384.99587500002235,341385,2024-11-14T17:51:12.659Z
228,GRAPHQL,Medium,sindresorhus/awesome,355.8772919999901,1460,2024-11-14T17:51:13.015Z
229,REST,Medium,sindresorhus/awesome,362.05958300002385,341385,2024-11-14T17:51:14.382Z
229,GRAPHQL,Medium,sindresorhus/awesome,469.04383300000336,1460,2024-11-14T17:51:14.851Z
230,REST,Medium,sindresorhus/awesome,353.45316699997056,341385,2024-11-14T17:51:16.210Z
230,GRAPHQL,Medium,sindresorhus/awesome,317.37470799998846,1460,2024-11-14T17:51:16.528Z
231,REST,Medium,sindresorhus/awesome,350.6292080000276,341385,2024-11-14T17:51:17.882Z
231,GRAPHQL,Medium,sindresorhus/awesome,350.63550000003306,1460,2024-11-14T17:51:18.232Z
232,REST,Medium,sindresorhus/awesome,369.38916700001573,341385,2024-11-14T17:51:19.606Z
232,GRAPHQL,Medium,sindresorhus/awesome,366.79987499996787,1460,2024-11-14T17:51:19.973Z
233,REST,Medium,sindresorhus/awesome,424.2980840000091,341385,2024-11-14T17:51:21.402Z
233,GRAPHQL,Medium,sindresorhus/awesome,312.68437500001164,1460,2024-11-14T17:51:21.715Z
234,REST,Medium,sindresorhus/awesome,398.97058300004574,341385,2024-11-14T17:51:23.119Z
234,GRAPHQL,Medium,sindresorhus/awesome,334.19174999999814,1460,2024-11-14T17:51:23.453Z
235,REST,Medium,sindresorhus/awesome,430.5452909999876,341385,2024-11-14T17:51:24.887Z
235,GRAPHQL,Medium,sindresorhus/awesome,410.1445829999866,1460,2024-11-14T17:51:25.297Z
236,REST,Medium,sindresorhus/awesome,347.7685000000056,341385,2024-11-14T17:51:26.649Z
236,GRAPHQL,Medium,sindresorhus/awesome,278.5227500000037,1460,2024-11-14T17:51:26.927Z
237,REST,Medium,sindresorhus/awesome,337.085625000007,341385,2024-11-14T17:51:28.269Z
237,GRAPHQL,Medium,sindresorhus/awesome,300.4743749999907,1460,2024-11-14T17:51:28.569Z
238,REST,Medium,sindresorhus/awesome,455.32916700001806,341385,2024-11-14T17:51:30.028Z
238,GRAPHQL,Medium,sindresorhus/awesome,295.31783399998676,1460,2024-11-14T17:51:30.324Z
239,REST,Medium,sindresorhus/awesome,412.3754169999738,341385,2024-11-14T17:51:31.745Z
239,GRAPHQL,Medium,sindresorhus/awesome,332.965916999965,1460,2024-11-14T17:51:32.078Z
240,REST,Medium,sindresorhus/awesome,408.95724999997765,341385,2024-11-14T17:51:33.493Z
240,GRAPHQL,Medium,sindresorhus/awesome,286.9940829999978,1460,2024-11-14T17:51:33.780Z
241,REST,Complex,sindresorhus/awesome,1061.7133340000291,1110250,2024-11-14T17:51:35.868Z
241,GRAPHQL,Complex,sindresorhus/awesome,330.57091700000456,3953,2024-11-14T17:51:36.199Z
242,REST,Complex,sindresorhus/awesome,976.1792080000159,1110250,2024-11-14T17:51:38.185Z
242,GRAPHQL,Complex,sindresorhus/awesome,349.37000000005355,3953,2024-11-14T17:51:38.534Z
243,REST,Complex,sindresorhus/awesome,712.7126660000067,1110250,2024-11-14T17:51:40.254Z
243,GRAPHQL,Complex,sindresorhus/awesome,402.4436249999562,3953,2024-11-14T17:51:40.657Z
244,REST,Complex,sindresorhus/awesome,609.2293330000248,1110250,2024-11-14T17:51:42.276Z
244,GRAPHQL,Complex,sindresorhus/awesome,431.7865420000162,3953,2024-11-14T17:51:42.707Z
245,REST,Complex,sindresorhus/awesome,638.9743339999695,1110250,2024-11-14T17:51:44.355Z
245,GRAPHQL,Complex,sindresorhus/awesome,398.88175000000047,3953,2024-11-14T17:51:44.753Z
246,REST,Complex,sindresorhus/awesome,651.0652499999851,1110250,2024-11-14T17:51:46.414Z
246,GRAPHQL,Complex,sindresorhus/awesome,330.4320839999709,3953,2024-11-14T17:51:46.744Z
247,REST,Complex,sindresorhus/awesome,731.491417000012,1110250,2024-11-14T17:51:48.485Z
247,GRAPHQL,Complex,sindresorhus/awesome,336.7160000000149,3953,2024-11-14T17:51:48.821Z
248,REST,Complex,sindresorhus/awesome,881.9335420000134,1110250,2024-11-14T17:51:50.713Z
248,GRAPHQL,Complex,sindresorhus/awesome,373.47320800001035,3953,2024-11-14T17:51:51.086Z
249,REST,Complex,sindresorhus/awesome,688.3864580000518,1110250,2024-11-14T17:51:52.789Z
249,GRAPHQL,Complex,sindresorhus/awesome,358.3049170000013,3953,2024-11-14T17:51:53.147Z
250,REST,Complex,sindresorhus/awesome,754.1786660000216,1110250,2024-11-14T17:51:54.909Z
250,GRAPHQL,Complex,sindresorhus/awesome,396.4486249999609,3953,2024-11-14T17:51:55.305Z
251,REST,Complex,sindresorhus/awesome,654.2692079999833,1110250,2024-11-14T17:51:56.969Z
251,GRAPHQL,Complex,sindresorhus/awesome,319.9887499999604,3953,2024-11-14T17:51:57.395Z
252,REST,Complex,sindresorhus/awesome,647.0727499999921,1110250,2024-11-14T17:51:59.050Z
252,GRAPHQL,Complex,sindresorhus/awesome,375.8520000000135,3953,2024-11-14T17:51:59.426Z
253,REST,Complex,sindresorhus/awesome,744.2685829999973,1110250,2024-11-14T17:52:01.193Z
253,GRAPHQL,Complex,sindresorhus/awesome,368.65600000001723,3953,2024-11-14T17:52:01.562Z
254,REST,Complex,sindresorhus/awesome,696.2284169999766,1110250,2024-11-14T17:52:03.268Z
254,GRAPHQL,Complex,sindresorhus/awesome,432.18150000000605,3953,2024-11-14T17:52:03.700Z
255,REST,Complex,sindresorhus/awesome,753.888833999983,1110250,2024-11-14T17:52:05.467Z
255,GRAPHQL,Complex,sindresorhus/awesome,399.3830420000013,3953,2024-11-14T17:52:05.867Z
256,REST,Complex,sindresorhus/awesome,842.0054169999785,1110250,2024-11-14T17:52:07.718Z
256,GRAPHQL,Complex,sindresorhus/awesome,360.3154590000049,3953,2024-11-14T17:52:08.079Z
257,REST,Complex,sindresorhus/awesome,770.2831669999869,1110250,2024-11-14T17:52:09.855Z
257,GRAPHQL,Complex,sindresorhus/awesome,365.0061659999774,3953,2024-11-14T17:52:10.220Z
258,REST,Complex,sindresorhus/awesome,679.1252910000039,1110250,2024-11-14T17:52:11.907Z
258,GRAPHQL,Complex,sindresorhus/awesome,376.4940829999978,3953,2024-11-14T17:52:12.283Z
259,REST,Complex,sindresorhus/awesome,778.1494999999995,1110250,2024-11-14T17:52:14.070Z
259,GRAPHQL,Complex,sindresorhus/awesome,438.84612500004005,3953,2024-11-14T17:52:14.509Z
260,REST,Complex,sindresorhus/awesome,689.1123750000261,1110250,2024-11-14T17:52:16.203Z
260,GRAPHQL,Complex,sindresorhus/awesome,498.7408749999595,3953,2024-11-14T17:52:16.702Z
261,REST,Complex,sindresorhus/awesome,762.9474999999511,1110250,2024-11-14T17:52:18.477Z
261,GRAPHQL,Complex,sindresorhus/awesome,382.00829100003466,3953,2024-11-14T17:52:18.859Z
262,REST,Complex,sindresorhus/awesome,632.1194169999799,1110250,2024-11-14T17:52:20.500Z
262,GRAPHQL,Complex,sindresorhus/awesome,407.9645840000012,3953,2024-11-14T17:52:20.908Z
263,REST,Complex,sindresorhus/awesome,557.4397919999901,1110250,2024-11-14T17:52:22.470Z
263,GRAPHQL,Complex,sindresorhus/awesome,378.0849579999922,3953,2024-11-14T17:52:22.848Z
264,REST,Complex,sindresorhus/awesome,659.5245420000283,1110250,2024-11-14T17:52:24.513Z
264,GRAPHQL,Complex,sindresorhus/awesome,329.70283299998846,3953,2024-11-14T17:52:24.843Z
265,REST,Complex,sindresorhus/awesome,641.0904159999918,1110250,2024-11-14T17:52:26.494Z
265,GRAPHQL,Complex,sindresorhus/awesome,419.56287500000326,3953,2024-11-14T17:52:26.913Z
266,REST,Complex,sindresorhus/awesome,731.1818750000093,1110250,2024-11-14T17:52:28.650Z
266,GRAPHQL,Complex,sindresorhus/awesome,448.1647079999675,3953,2024-11-14T17:52:29.098Z
267,REST,Complex,sindresorhus/awesome,750.1955830000225,1110250,2024-11-14T17:52:30.852Z
267,GRAPHQL,Complex,sindresorhus/awesome,393.87704199994914,3953,2024-11-14T17:52:31.246Z
268,REST,Complex,sindresorhus/awesome,629.194542000012,1110250,2024-11-14T17:52:32.887Z
268,GRAPHQL,Complex,sindresorhus/awesome,336.10570800001733,3953,2024-11-14T17:52:33.223Z
269,REST,Complex,sindresorhus/awesome,638.5817500000121,1110250,2024-11-14T17:52:34.866Z
269,GRAPHQL,Complex,sindresorhus/awesome,372.0585840000422,3953,2024-11-14T17:52:35.238Z
270,REST,Complex,sindresorhus/awesome,799.2487079999992,1110250,2024-11-14T17:52:37.047Z
270,GRAPHQL,Complex,sindresorhus/awesome,398.70583300001454,3953,2024-11-14T17:52:37.446Z
271,REST,Basic,public-apis/public-apis,313.6194170000381,6761,2024-11-14T17:52:38.763Z
271,GRAPHQL,Basic,public-apis/public-apis,259.242292000039,126,2024-11-14T17:52:39.022Z
272,REST,Basic,public-apis/public-apis,340.13945800001966,6761,2024-11-14T17:52:40.364Z
272,GRAPHQL,Basic,public-apis/public-apis,327.94404100003885,126,2024-11-14T17:52:40.692Z
273,REST,Basic,public-apis/public-apis,308.383833000029,6761,2024-11-14T17:52:42.002Z
273,GRAPHQL,Basic,public-apis/public-apis,405.70649999997113,126,2024-11-14T17:52:42.407Z
274,REST,Basic,public-apis/public-apis,333.5252919999766,6761,2024-11-14T17:52:43.742Z
274,GRAPHQL,Basic,public-apis/public-apis,277.71295800001826,126,2024-11-14T17:52:44.020Z
275,REST,Basic,public-apis/public-apis,355.2497089999961,6761,2024-11-14T17:52:45.377Z
275,GRAPHQL,Basic,public-apis/public-apis,310.15574999997625,126,2024-11-14T17:52:45.687Z
276,REST,Basic,public-apis/public-apis,330.5755839999765,6761,2024-11-14T17:52:47.020Z
276,GRAPHQL,Basic,public-apis/public-apis,306.93350000004284,126,2024-11-14T17:52:47.327Z
277,REST,Basic,public-apis/public-apis,296.12758400000166,6761,2024-11-14T17:52:48.624Z
277,GRAPHQL,Basic,public-apis/public-apis,339.7878750000382,126,2024-11-14T17:52:48.964Z
278,REST,Basic,public-apis/public-apis,328.9239579999121,6761,2024-11-14T17:52:50.294Z
278,GRAPHQL,Basic,public-apis/public-apis,308.61879199999385,126,2024-11-14T17:52:50.602Z
279,REST,Basic,public-apis/public-apis,314.3399169999175,6761,2024-11-14T17:52:51.918Z
279,GRAPHQL,Basic,public-apis/public-apis,274.31387499999255,126,2024-11-14T17:52:52.192Z
280,REST,Basic,public-apis/public-apis,380.93504199991,6761,2024-11-14T17:52:53.574Z
280,GRAPHQL,Basic,public-apis/public-apis,306.3654999999562,126,2024-11-14T17:52:53.881Z
281,REST,Basic,public-apis/public-apis,328.4840420000255,6761,2024-11-14T17:52:55.211Z
281,GRAPHQL,Basic,public-apis/public-apis,308.21462500002235,126,2024-11-14T17:52:55.519Z
282,REST,Basic,public-apis/public-apis,330.3641249999637,6761,2024-11-14T17:52:56.851Z
282,GRAPHQL,Basic,public-apis/public-apis,302.6205830000108,126,2024-11-14T17:52:57.154Z
283,REST,Basic,public-apis/public-apis,306.3462919999147,6761,2024-11-14T17:52:58.462Z
283,GRAPHQL,Basic,public-apis/public-apis,288.4487499999814,126,2024-11-14T17:52:58.750Z
284,REST,Basic,public-apis/public-apis,378.5811250000261,6761,2024-11-14T17:53:00.130Z
284,GRAPHQL,Basic,public-apis/public-apis,302.34687500004657,126,2024-11-14T17:53:00.433Z
285,REST,Basic,public-apis/public-apis,299.28041600005236,6761,2024-11-14T17:53:01.734Z
285,GRAPHQL,Basic,public-apis/public-apis,309.02095799997915,126,2024-11-14T17:53:02.043Z
286,REST,Basic,public-apis/public-apis,267.438375000027,6761,2024-11-14T17:53:03.312Z
286,GRAPHQL,Basic,public-apis/public-apis,426.28724999993574,126,2024-11-14T17:53:03.738Z
287,REST,Basic,public-apis/public-apis,300.0357499999227,6761,2024-11-14T17:53:05.040Z
287,GRAPHQL,Basic,public-apis/public-apis,269.0392920000013,126,2024-11-14T17:53:05.309Z
288,REST,Basic,public-apis/public-apis,370.5529999999562,6761,2024-11-14T17:53:06.681Z
288,GRAPHQL,Basic,public-apis/public-apis,410.14983400003985,126,2024-11-14T17:53:07.091Z
289,REST,Basic,public-apis/public-apis,349.0871249999618,6761,2024-11-14T17:53:08.442Z
289,GRAPHQL,Basic,public-apis/public-apis,272.9389169999631,126,2024-11-14T17:53:08.715Z
290,REST,Basic,public-apis/public-apis,342.6657500000438,6761,2024-11-14T17:53:10.059Z
290,GRAPHQL,Basic,public-apis/public-apis,304.3822919999948,126,2024-11-14T17:53:10.364Z
291,REST,Basic,public-apis/public-apis,329.77525000006426,6761,2024-11-14T17:53:11.697Z
291,GRAPHQL,Basic,public-apis/public-apis,306.85291699995287,126,2024-11-14T17:53:12.004Z
292,REST,Basic,public-apis/public-apis,329.5429160000058,6761,2024-11-14T17:53:13.336Z
292,GRAPHQL,Basic,public-apis/public-apis,265.51654199999757,126,2024-11-14T17:53:13.602Z
293,REST,Basic,public-apis/public-apis,346.045124999946,6761,2024-11-14T17:53:14.949Z
293,GRAPHQL,Basic,public-apis/public-apis,288.38791699998546,126,2024-11-14T17:53:15.237Z
294,REST,Basic,public-apis/public-apis,373.00720899994485,6761,2024-11-14T17:53:16.612Z
294,GRAPHQL,Basic,public-apis/public-apis,247.1790419999743,126,2024-11-14T17:53:16.859Z
295,REST,Basic,public-apis/public-apis,393.39245899999514,6761,2024-11-14T17:53:18.254Z
295,GRAPHQL,Basic,public-apis/public-apis,305.10437499999534,126,2024-11-14T17:53:18.559Z
296,REST,Basic,public-apis/public-apis,327.14729100000113,6761,2024-11-14T17:53:19.888Z
296,GRAPHQL,Basic,public-apis/public-apis,321.0934169999091,126,2024-11-14T17:53:20.209Z
297,REST,Basic,public-apis/public-apis,316.4805420000339,6761,2024-11-14T17:53:21.527Z
297,GRAPHQL,Basic,public-apis/public-apis,305.780124999932,126,2024-11-14T17:53:21.833Z
298,REST,Basic,public-apis/public-apis,332.6355840000324,6761,2024-11-14T17:53:23.167Z
298,GRAPHQL,Basic,public-apis/public-apis,277.86583400005475,126,2024-11-14T17:53:23.445Z
299,REST,Basic,public-apis/public-apis,356.24433299992234,6761,2024-11-14T17:53:24.803Z
299,GRAPHQL,Basic,public-apis/public-apis,308.8848749999888,126,2024-11-14T17:53:25.112Z
300,REST,Basic,public-apis/public-apis,330.66399999998976,6761,2024-11-14T17:53:26.444Z
300,GRAPHQL,Basic,public-apis/public-apis,348.55212500004563,126,2024-11-14T17:53:26.793Z
301,REST,Medium,public-apis/public-apis,551.8709999999264,101266,2024-11-14T17:53:28.347Z
301,GRAPHQL,Medium,public-apis/public-apis,456.68700000003446,2888,2024-11-14T17:53:28.804Z
302,REST,Medium,public-apis/public-apis,432.9323330000043,101266,2024-11-14T17:53:30.238Z
302,GRAPHQL,Medium,public-apis/public-apis,405.55783299996983,2888,2024-11-14T17:53:30.644Z
303,REST,Medium,public-apis/public-apis,380.409333000076,101266,2024-11-14T17:53:32.027Z
303,GRAPHQL,Medium,public-apis/public-apis,354.01216699997894,2888,2024-11-14T17:53:32.381Z
304,REST,Medium,public-apis/public-apis,367.0700000000652,101266,2024-11-14T17:53:33.749Z
304,GRAPHQL,Medium,public-apis/public-apis,476.39566700009163,2888,2024-11-14T17:53:34.226Z
305,REST,Medium,public-apis/public-apis,358.5680830000201,101266,2024-11-14T17:53:35.586Z
305,GRAPHQL,Medium,public-apis/public-apis,381.1780420000432,2888,2024-11-14T17:53:35.968Z
306,REST,Medium,public-apis/public-apis,375.5788750000065,101266,2024-11-14T17:53:37.345Z
306,GRAPHQL,Medium,public-apis/public-apis,329.05187500000466,2888,2024-11-14T17:53:37.674Z
307,REST,Medium,public-apis/public-apis,454.5507079999661,101266,2024-11-14T17:53:39.131Z
307,GRAPHQL,Medium,public-apis/public-apis,364.52670899999794,2888,2024-11-14T17:53:39.495Z
308,REST,Medium,public-apis/public-apis,371.6954169999808,101266,2024-11-14T17:53:40.870Z
308,GRAPHQL,Medium,public-apis/public-apis,351.60766700003296,2888,2024-11-14T17:53:41.221Z
309,REST,Medium,public-apis/public-apis,371.92129199998453,101266,2024-11-14T17:53:42.598Z
309,GRAPHQL,Medium,public-apis/public-apis,352.56099999998696,2888,2024-11-14T17:53:42.951Z
310,REST,Medium,public-apis/public-apis,377.52599999995437,101266,2024-11-14T17:53:44.331Z
310,GRAPHQL,Medium,public-apis/public-apis,302.6484169999603,2888,2024-11-14T17:53:44.633Z
311,REST,Medium,public-apis/public-apis,380.4362909999909,101266,2024-11-14T17:53:46.017Z
311,GRAPHQL,Medium,public-apis/public-apis,398.37979200005066,2888,2024-11-14T17:53:46.415Z
312,REST,Medium,public-apis/public-apis,393.6536250000354,101266,2024-11-14T17:53:47.811Z
312,GRAPHQL,Medium,public-apis/public-apis,365.51291599997785,2888,2024-11-14T17:53:48.177Z
313,REST,Medium,public-apis/public-apis,436.21662500000093,101266,2024-11-14T17:53:49.616Z
313,GRAPHQL,Medium,public-apis/public-apis,288.4369159999769,2888,2024-11-14T17:53:49.904Z
314,REST,Medium,public-apis/public-apis,362.2052089999197,101266,2024-11-14T17:53:51.268Z
314,GRAPHQL,Medium,public-apis/public-apis,317.93262500001583,2888,2024-11-14T17:53:51.586Z
315,REST,Medium,public-apis/public-apis,350.7945419999305,101266,2024-11-14T17:53:52.939Z
315,GRAPHQL,Medium,public-apis/public-apis,435.5069580000127,2888,2024-11-14T17:53:53.375Z
316,REST,Medium,public-apis/public-apis,334.6777920000022,101266,2024-11-14T17:53:54.712Z
316,GRAPHQL,Medium,public-apis/public-apis,505.87733299995307,2888,2024-11-14T17:53:55.217Z
317,REST,Medium,public-apis/public-apis,358.12095799995586,101266,2024-11-14T17:53:56.577Z
317,GRAPHQL,Medium,public-apis/public-apis,348.8185839999933,2888,2024-11-14T17:53:56.926Z
318,REST,Medium,public-apis/public-apis,396.2948750000214,101266,2024-11-14T17:53:58.324Z
318,GRAPHQL,Medium,public-apis/public-apis,298.38174999994226,2888,2024-11-14T17:53:58.623Z
319,REST,Medium,public-apis/public-apis,397.81125000002794,101266,2024-11-14T17:54:00.023Z
319,GRAPHQL,Medium,public-apis/public-apis,418.39595799997915,2888,2024-11-14T17:54:00.441Z
320,REST,Medium,public-apis/public-apis,353.11483299999963,101266,2024-11-14T17:54:01.796Z
320,GRAPHQL,Medium,public-apis/public-apis,338.8762080000015,2888,2024-11-14T17:54:02.135Z
321,REST,Medium,public-apis/public-apis,413.23754200001713,101266,2024-11-14T17:54:03.551Z
321,GRAPHQL,Medium,public-apis/public-apis,398.52808299998287,2888,2024-11-14T17:54:03.950Z
322,REST,Medium,public-apis/public-apis,334.66412500001024,101266,2024-11-14T17:54:05.286Z
322,GRAPHQL,Medium,public-apis/public-apis,318.4867919998942,2888,2024-11-14T17:54:05.604Z
323,REST,Medium,public-apis/public-apis,353.65045799990185,101266,2024-11-14T17:54:06.960Z
323,GRAPHQL,Medium,public-apis/public-apis,372.2619999999879,2888,2024-11-14T17:54:07.333Z
324,REST,Medium,public-apis/public-apis,411.4788749999134,101266,2024-11-14T17:54:08.746Z
324,GRAPHQL,Medium,public-apis/public-apis,423.7453749999404,2888,2024-11-14T17:54:09.170Z
325,REST,Medium,public-apis/public-apis,376.33620800008066,101266,2024-11-14T17:54:10.549Z
325,GRAPHQL,Medium,public-apis/public-apis,440.03229200001806,2888,2024-11-14T17:54:10.989Z
326,REST,Medium,public-apis/public-apis,434.52062500000466,101266,2024-11-14T17:54:12.428Z
326,GRAPHQL,Medium,public-apis/public-apis,489.012791999965,2888,2024-11-14T17:54:12.917Z
327,REST,Medium,public-apis/public-apis,357.7040829999605,101266,2024-11-14T17:54:14.277Z
327,GRAPHQL,Medium,public-apis/public-apis,398.6137500000186,2888,2024-11-14T17:54:14.676Z
328,REST,Medium,public-apis/public-apis,337.4300420000218,101266,2024-11-14T17:54:16.015Z
328,GRAPHQL,Medium,public-apis/public-apis,402.17975000001024,2888,2024-11-14T17:54:16.418Z
329,REST,Medium,public-apis/public-apis,364.6773750000866,101266,2024-11-14T17:54:17.784Z
329,GRAPHQL,Medium,public-apis/public-apis,465.5891249999404,2888,2024-11-14T17:54:18.249Z
330,REST,Medium,public-apis/public-apis,376.9291250000242,101266,2024-11-14T17:54:19.628Z
330,GRAPHQL,Medium,public-apis/public-apis,369.9802080000518,2888,2024-11-14T17:54:19.998Z
331,REST,Complex,public-apis/public-apis,1190.6631249999627,641414,2024-11-14T17:54:22.196Z
331,GRAPHQL,Complex,public-apis/public-apis,579.1133749999572,12042,2024-11-14T17:54:22.775Z
332,REST,Complex,public-apis/public-apis,747.8273340000305,641414,2024-11-14T17:54:24.528Z
332,GRAPHQL,Complex,public-apis/public-apis,1089.3291250000475,12042,2024-11-14T17:54:25.618Z
333,REST,Complex,public-apis/public-apis,1306.5297500001034,641414,2024-11-14T17:54:27.932Z
333,GRAPHQL,Complex,public-apis/public-apis,567.9508749999804,12042,2024-11-14T17:54:28.500Z
334,REST,Complex,public-apis/public-apis,746.5163750000065,641414,2024-11-14T17:54:30.251Z
334,GRAPHQL,Complex,public-apis/public-apis,499.9707079998916,12042,2024-11-14T17:54:30.751Z
335,REST,Complex,public-apis/public-apis,843.4317080000183,641414,2024-11-14T17:54:32.598Z
335,GRAPHQL,Complex,public-apis/public-apis,464.9679999999935,12042,2024-11-14T17:54:33.063Z
336,REST,Complex,public-apis/public-apis,679.9065419998951,641414,2024-11-14T17:54:34.749Z
336,GRAPHQL,Complex,public-apis/public-apis,612.3691659999313,12042,2024-11-14T17:54:35.362Z
337,REST,Complex,public-apis/public-apis,666.8515410000691,641414,2024-11-14T17:54:37.034Z
337,GRAPHQL,Complex,public-apis/public-apis,635.6967919999734,12042,2024-11-14T17:54:37.670Z
338,REST,Complex,public-apis/public-apis,791.9091669999762,641414,2024-11-14T17:54:39.468Z
338,GRAPHQL,Complex,public-apis/public-apis,530.6407089999411,12042,2024-11-14T17:54:39.999Z
339,REST,Complex,public-apis/public-apis,819.1828750000568,641414,2024-11-14T17:54:41.823Z
339,GRAPHQL,Complex,public-apis/public-apis,545.4078750000335,12042,2024-11-14T17:54:42.369Z
340,REST,Complex,public-apis/public-apis,669.2043749999721,641414,2024-11-14T17:54:44.044Z
340,GRAPHQL,Complex,public-apis/public-apis,499.24016699998174,12042,2024-11-14T17:54:44.543Z
341,REST,Complex,public-apis/public-apis,684.8918330000015,641414,2024-11-14T17:54:46.234Z
341,GRAPHQL,Complex,public-apis/public-apis,387.1856670000125,12042,2024-11-14T17:54:46.622Z
342,REST,Complex,public-apis/public-apis,845.1481670000358,641414,2024-11-14T17:54:48.472Z
342,GRAPHQL,Complex,public-apis/public-apis,405.9663329999894,12042,2024-11-14T17:54:48.878Z
343,REST,Complex,public-apis/public-apis,624.4402919999557,641414,2024-11-14T17:54:50.508Z
343,GRAPHQL,Complex,public-apis/public-apis,676.8339590000687,12042,2024-11-14T17:54:51.185Z
344,REST,Complex,public-apis/public-apis,792.1520830000518,641414,2024-11-14T17:54:52.983Z
344,GRAPHQL,Complex,public-apis/public-apis,501.74325000005774,12042,2024-11-14T17:54:53.485Z
345,REST,Complex,public-apis/public-apis,745.890458000009,641414,2024-11-14T17:54:55.236Z
345,GRAPHQL,Complex,public-apis/public-apis,401.1402920000255,12042,2024-11-14T17:54:55.637Z
346,REST,Complex,public-apis/public-apis,845.0891670000274,641414,2024-11-14T17:54:57.489Z
346,GRAPHQL,Complex,public-apis/public-apis,502.1994999999879,12042,2024-11-14T17:54:57.991Z
347,REST,Complex,public-apis/public-apis,658.9318749998929,641414,2024-11-14T17:54:59.656Z
347,GRAPHQL,Complex,public-apis/public-apis,592.5822909999406,12042,2024-11-14T17:55:00.248Z
348,REST,Complex,public-apis/public-apis,742.3293330000015,641414,2024-11-14T17:55:01.996Z
348,GRAPHQL,Complex,public-apis/public-apis,501.6042919999454,12042,2024-11-14T17:55:02.497Z
349,REST,Complex,public-apis/public-apis,818.8397089999635,641414,2024-11-14T17:55:04.321Z
349,GRAPHQL,Complex,public-apis/public-apis,506.7925830000313,12042,2024-11-14T17:55:04.828Z
350,REST,Complex,public-apis/public-apis,844.2177919999231,641414,2024-11-14T17:55:06.677Z
350,GRAPHQL,Complex,public-apis/public-apis,638.9754589999793,12042,2024-11-14T17:55:07.317Z
351,REST,Complex,public-apis/public-apis,748.0963340000017,641414,2024-11-14T17:55:09.070Z
351,GRAPHQL,Complex,public-apis/public-apis,492.37054199993145,12042,2024-11-14T17:55:09.562Z
352,REST,Complex,public-apis/public-apis,748.8620840000222,641414,2024-11-14T17:55:11.317Z
352,GRAPHQL,Complex,public-apis/public-apis,602.9576250000391,12042,2024-11-14T17:55:11.920Z
353,REST,Complex,public-apis/public-apis,711.8331250000047,641414,2024-11-14T17:55:13.637Z
353,GRAPHQL,Complex,public-apis/public-apis,534.0719579999568,12042,2024-11-14T17:55:14.171Z
354,REST,Complex,public-apis/public-apis,754.3827089999104,641414,2024-11-14T17:55:15.933Z
354,GRAPHQL,Complex,public-apis/public-apis,496.9472090000054,12042,2024-11-14T17:55:16.430Z
355,REST,Complex,public-apis/public-apis,842.7746249999618,641414,2024-11-14T17:55:18.278Z
355,GRAPHQL,Complex,public-apis/public-apis,539.1450830000686,12042,2024-11-14T17:55:18.817Z
356,REST,Complex,public-apis/public-apis,710.2801660000114,641414,2024-11-14T17:55:20.532Z
356,GRAPHQL,Complex,public-apis/public-apis,612.9228330000769,12042,2024-11-14T17:55:21.145Z
357,REST,Complex,public-apis/public-apis,836.9941249999683,641414,2024-11-14T17:55:22.987Z
357,GRAPHQL,Complex,public-apis/public-apis,413.84974999993574,12042,2024-11-14T17:55:23.401Z
358,REST,Complex,public-apis/public-apis,936.2055420000106,641414,2024-11-14T17:55:25.343Z
358,GRAPHQL,Complex,public-apis/public-apis,445.3791670000646,12042,2024-11-14T17:55:25.789Z
359,REST,Complex,public-apis/public-apis,866.3114579999819,641414,2024-11-14T17:55:27.660Z
359,GRAPHQL,Complex,public-apis/public-apis,538.4856660000514,12042,2024-11-14T17:55:28.198Z
360,REST,Complex,public-apis/public-apis,675.3282499999041,641414,2024-11-14T17:55:29.877Z
360,GRAPHQL,Complex,public-apis/public-apis,465.36550000007264,12042,2024-11-14T17:55:30.343Z
361,REST,Basic,codecrafters-io/build-your-own-x,316.1444589999737,7063,2024-11-14T17:55:31.660Z
361,GRAPHQL,Basic,codecrafters-io/build-your-own-x,328.6592079999391,174,2024-11-14T17:55:31.988Z
362,REST,Basic,codecrafters-io/build-your-own-x,289.2447500000708,7063,2024-11-14T17:55:33.279Z
362,GRAPHQL,Basic,codecrafters-io/build-your-own-x,345.8751250000205,174,2024-11-14T17:55:33.625Z
363,REST,Basic,codecrafters-io/build-your-own-x,330.345915999962,7063,2024-11-14T17:55:34.957Z
363,GRAPHQL,Basic,codecrafters-io/build-your-own-x,411.90783300006296,174,2024-11-14T17:55:35.369Z
364,REST,Basic,codecrafters-io/build-your-own-x,435.3797079999931,7063,2024-11-14T17:55:36.806Z
364,GRAPHQL,Basic,codecrafters-io/build-your-own-x,263.7757079999428,174,2024-11-14T17:55:37.070Z
365,REST,Basic,codecrafters-io/build-your-own-x,370.05487500003073,7063,2024-11-14T17:55:38.441Z
365,GRAPHQL,Basic,codecrafters-io/build-your-own-x,292.1803340000333,174,2024-11-14T17:55:38.733Z
366,REST,Basic,codecrafters-io/build-your-own-x,341.93129199999385,7063,2024-11-14T17:55:40.077Z
366,GRAPHQL,Basic,codecrafters-io/build-your-own-x,307.91170799999963,174,2024-11-14T17:55:40.385Z
367,REST,Basic,codecrafters-io/build-your-own-x,306.03470900002867,7063,2024-11-14T17:55:41.693Z
367,GRAPHQL,Basic,codecrafters-io/build-your-own-x,296.5481669999426,174,2024-11-14T17:55:41.990Z
368,REST,Basic,codecrafters-io/build-your-own-x,326.23412500007544,7063,2024-11-14T17:55:43.318Z
368,GRAPHQL,Basic,codecrafters-io/build-your-own-x,302.24575000000186,174,2024-11-14T17:55:43.620Z
369,REST,Basic,codecrafters-io/build-your-own-x,311.1316250000382,7063,2024-11-14T17:55:44.934Z
369,GRAPHQL,Basic,codecrafters-io/build-your-own-x,286.06125000002794,174,2024-11-14T17:55:45.220Z
370,REST,Basic,codecrafters-io/build-your-own-x,302.0087920000078,7063,2024-11-14T17:55:46.524Z
370,GRAPHQL,Basic,codecrafters-io/build-your-own-x,311.86504199996125,174,2024-11-14T17:55:46.836Z
371,REST,Basic,codecrafters-io/build-your-own-x,305.1031250000233,7063,2024-11-14T17:55:48.142Z
371,GRAPHQL,Basic,codecrafters-io/build-your-own-x,299.3867499999469,174,2024-11-14T17:55:48.442Z
372,REST,Basic,codecrafters-io/build-your-own-x,318.5600410000188,7063,2024-11-14T17:55:49.762Z
372,GRAPHQL,Basic,codecrafters-io/build-your-own-x,350.78637500002515,174,2024-11-14T17:55:50.113Z
373,REST,Basic,codecrafters-io/build-your-own-x,330.90783300006296,7063,2024-11-14T17:55:51.444Z
373,GRAPHQL,Basic,codecrafters-io/build-your-own-x,306.47454199998174,174,2024-11-14T17:55:51.751Z
374,REST,Basic,codecrafters-io/build-your-own-x,320.72891600010917,7063,2024-11-14T17:55:53.073Z
374,GRAPHQL,Basic,codecrafters-io/build-your-own-x,281.0115419999929,174,2024-11-14T17:55:53.354Z
375,REST,Basic,codecrafters-io/build-your-own-x,366.34158300003037,7063,2024-11-14T17:55:54.722Z
375,GRAPHQL,Basic,codecrafters-io/build-your-own-x,410.52833400003146,174,2024-11-14T17:55:55.133Z
376,REST,Basic,codecrafters-io/build-your-own-x,323.88837499998044,7063,2024-11-14T17:55:56.462Z
376,GRAPHQL,Basic,codecrafters-io/build-your-own-x,308.0372089999728,174,2024-11-14T17:55:56.770Z
377,REST,Basic,codecrafters-io/build-your-own-x,329.17558400006965,7063,2024-11-14T17:55:58.101Z
377,GRAPHQL,Basic,codecrafters-io/build-your-own-x,306.74158299993724,174,2024-11-14T17:55:58.408Z
378,REST,Basic,codecrafters-io/build-your-own-x,321.36725000001024,7063,2024-11-14T17:55:59.731Z
378,GRAPHQL,Basic,codecrafters-io/build-your-own-x,293.4750829999102,174,2024-11-14T17:56:00.024Z
379,REST,Basic,codecrafters-io/build-your-own-x,293.2327079999959,7063,2024-11-14T17:56:01.319Z
379,GRAPHQL,Basic,codecrafters-io/build-your-own-x,284.6195839999709,174,2024-11-14T17:56:01.604Z
380,REST,Basic,codecrafters-io/build-your-own-x,375.3451669999631,7063,2024-11-14T17:56:02.980Z
380,GRAPHQL,Basic,codecrafters-io/build-your-own-x,327.922290999908,174,2024-11-14T17:56:03.308Z
381,REST,Basic,codecrafters-io/build-your-own-x,302.74225000001024,7063,2024-11-14T17:56:04.617Z
381,GRAPHQL,Basic,codecrafters-io/build-your-own-x,301.78045900003053,174,2024-11-14T17:56:04.919Z
382,REST,Basic,codecrafters-io/build-your-own-x,374.6061669999035,7063,2024-11-14T17:56:06.297Z
382,GRAPHQL,Basic,codecrafters-io/build-your-own-x,303.1672500000568,174,2024-11-14T17:56:06.600Z
383,REST,Basic,codecrafters-io/build-your-own-x,329.69095799990464,7063,2024-11-14T17:56:07.931Z
383,GRAPHQL,Basic,codecrafters-io/build-your-own-x,295.0054999999702,174,2024-11-14T17:56:08.226Z
384,REST,Basic,codecrafters-io/build-your-own-x,340.8252499999944,7063,2024-11-14T17:56:09.569Z
384,GRAPHQL,Basic,codecrafters-io/build-your-own-x,277.19062500004657,174,2024-11-14T17:56:09.846Z
385,REST,Basic,codecrafters-io/build-your-own-x,463.268665999989,7063,2024-11-14T17:56:11.311Z
385,GRAPHQL,Basic,codecrafters-io/build-your-own-x,307.52987500000745,174,2024-11-14T17:56:11.618Z
386,REST,Basic,codecrafters-io/build-your-own-x,331.2124589999439,7063,2024-11-14T17:56:12.951Z
386,GRAPHQL,Basic,codecrafters-io/build-your-own-x,398.26229199999943,174,2024-11-14T17:56:13.349Z
387,REST,Basic,codecrafters-io/build-your-own-x,340.033000000054,7063,2024-11-14T17:56:14.692Z
387,GRAPHQL,Basic,codecrafters-io/build-your-own-x,407.1964999999618,174,2024-11-14T17:56:15.099Z
388,REST,Basic,codecrafters-io/build-your-own-x,378.7887500000652,7063,2024-11-14T17:56:16.479Z
388,GRAPHQL,Basic,codecrafters-io/build-your-own-x,287.74466600001324,174,2024-11-14T17:56:16.767Z
389,REST,Basic,codecrafters-io/build-your-own-x,348.03812500007916,7063,2024-11-14T17:56:18.121Z
389,GRAPHQL,Basic,codecrafters-io/build-your-own-x,356.7264590000268,174,2024-11-14T17:56:18.478Z
390,REST,Basic,codecrafters-io/build-your-own-x,314.1765829999931,7063,2024-11-14T17:56:19.793Z
390,GRAPHQL,Basic,codecrafters-io/build-your-own-x,283.72254099999554,174,2024-11-14T17:56:20.077Z
391,REST,Medium,codecrafters-io/build-your-own-x,682.9142080000602,91129,2024-11-14T17:56:21.763Z
391,GRAPHQL,Medium,codecrafters-io/build-your-own-x,506.55045800004154,10655,2024-11-14T17:56:22.270Z
392,REST,Medium,codecrafters-io/build-your-own-x,474.72400000004563,91129,2024-11-14T17:56:23.746Z
392,GRAPHQL,Medium,codecrafters-io/build-your-own-x,417.10504200006835,10655,2024-11-14T17:56:24.164Z
393,REST,Medium,codecrafters-io/build-your-own-x,415.42520800000057,91129,2024-11-14T17:56:25.582Z
393,GRAPHQL,Medium,codecrafters-io/build-your-own-x,476.6055410000263,10655,2024-11-14T17:56:26.059Z
394,REST,Medium,codecrafters-io/build-your-own-x,428.1404999999795,91129,2024-11-14T17:56:27.488Z
394,GRAPHQL,Medium,codecrafters-io/build-your-own-x,582.1177499999758,10655,2024-11-14T17:56:28.070Z
395,REST,Medium,codecrafters-io/build-your-own-x,397.0335419999901,91129,2024-11-14T17:56:29.471Z
395,GRAPHQL,Medium,codecrafters-io/build-your-own-x,472.3749169999501,10655,2024-11-14T17:56:29.943Z
396,REST,Medium,codecrafters-io/build-your-own-x,407.06620899995323,91129,2024-11-14T17:56:31.352Z
396,GRAPHQL,Medium,codecrafters-io/build-your-own-x,416.2914589999709,10655,2024-11-14T17:56:31.769Z
397,REST,Medium,codecrafters-io/build-your-own-x,403.0528329999652,91129,2024-11-14T17:56:33.175Z
397,GRAPHQL,Medium,codecrafters-io/build-your-own-x,435.06762500002515,10655,2024-11-14T17:56:33.610Z
398,REST,Medium,codecrafters-io/build-your-own-x,358.3381669999799,91129,2024-11-14T17:56:34.970Z
398,GRAPHQL,Medium,codecrafters-io/build-your-own-x,465.9827499999665,10655,2024-11-14T17:56:35.436Z
399,REST,Medium,codecrafters-io/build-your-own-x,370.6344579999568,91129,2024-11-14T17:56:36.809Z
399,GRAPHQL,Medium,codecrafters-io/build-your-own-x,558.0885000000708,10655,2024-11-14T17:56:37.368Z
400,REST,Medium,codecrafters-io/build-your-own-x,385.54570799996145,91129,2024-11-14T17:56:38.755Z
400,GRAPHQL,Medium,codecrafters-io/build-your-own-x,511.77008400007617,10655,2024-11-14T17:56:39.267Z
401,REST,Medium,codecrafters-io/build-your-own-x,414.1805409999797,91129,2024-11-14T17:56:40.683Z
401,GRAPHQL,Medium,codecrafters-io/build-your-own-x,632.9315420000348,10655,2024-11-14T17:56:41.316Z
402,REST,Medium,codecrafters-io/build-your-own-x,400.0705420000013,91129,2024-11-14T17:56:42.717Z
402,GRAPHQL,Medium,codecrafters-io/build-your-own-x,442.6869580000639,10655,2024-11-14T17:56:43.160Z
403,REST,Medium,codecrafters-io/build-your-own-x,430.80554200010374,91129,2024-11-14T17:56:44.595Z
403,GRAPHQL,Medium,codecrafters-io/build-your-own-x,383.0839589999523,10655,2024-11-14T17:56:44.979Z
404,REST,Medium,codecrafters-io/build-your-own-x,413.10633300000336,91129,2024-11-14T17:56:46.393Z
404,GRAPHQL,Medium,codecrafters-io/build-your-own-x,451.4523749999935,10655,2024-11-14T17:56:46.844Z
405,REST,Medium,codecrafters-io/build-your-own-x,385.56991600000765,91129,2024-11-14T17:56:48.234Z
405,GRAPHQL,Medium,codecrafters-io/build-your-own-x,454.52195900003426,10655,2024-11-14T17:56:48.688Z
406,REST,Medium,codecrafters-io/build-your-own-x,402.3287919999566,91129,2024-11-14T17:56:50.092Z
406,GRAPHQL,Medium,codecrafters-io/build-your-own-x,541.5760419999715,10655,2024-11-14T17:56:50.634Z
407,REST,Medium,codecrafters-io/build-your-own-x,429.96341600001324,91129,2024-11-14T17:56:52.064Z
407,GRAPHQL,Medium,codecrafters-io/build-your-own-x,516.3365409999387,10655,2024-11-14T17:56:52.581Z
408,REST,Medium,codecrafters-io/build-your-own-x,404.717667000019,91129,2024-11-14T17:56:53.987Z
408,GRAPHQL,Medium,codecrafters-io/build-your-own-x,438.57662499998696,10655,2024-11-14T17:56:54.426Z
409,REST,Medium,codecrafters-io/build-your-own-x,429.28370799997356,91129,2024-11-14T17:56:55.856Z
409,GRAPHQL,Medium,codecrafters-io/build-your-own-x,511.0356669999892,10655,2024-11-14T17:56:56.367Z
410,REST,Medium,codecrafters-io/build-your-own-x,442.14045900001656,91129,2024-11-14T17:56:57.812Z
410,GRAPHQL,Medium,codecrafters-io/build-your-own-x,499.69995799998287,10655,2024-11-14T17:56:58.312Z
411,REST,Medium,codecrafters-io/build-your-own-x,374.01049999997485,91129,2024-11-14T17:56:59.688Z
411,GRAPHQL,Medium,codecrafters-io/build-your-own-x,490.2372079999186,10655,2024-11-14T17:57:00.178Z
412,REST,Medium,codecrafters-io/build-your-own-x,403.8579160000663,91129,2024-11-14T17:57:01.583Z
412,GRAPHQL,Medium,codecrafters-io/build-your-own-x,441.4773339999374,10655,2024-11-14T17:57:02.025Z
413,REST,Medium,codecrafters-io/build-your-own-x,398.23616599990055,91129,2024-11-14T17:57:03.425Z
413,GRAPHQL,Medium,codecrafters-io/build-your-own-x,386.6533749999944,10655,2024-11-14T17:57:03.812Z
414,REST,Medium,codecrafters-io/build-your-own-x,366.6398749999935,91129,2024-11-14T17:57:05.180Z
414,GRAPHQL,Medium,codecrafters-io/build-your-own-x,508.89708399993833,10655,2024-11-14T17:57:05.689Z
415,REST,Medium,codecrafters-io/build-your-own-x,451.2305420000339,91129,2024-11-14T17:57:07.143Z
415,GRAPHQL,Medium,codecrafters-io/build-your-own-x,390.45220800000243,10655,2024-11-14T17:57:07.534Z
416,REST,Medium,codecrafters-io/build-your-own-x,377.84345799998846,91129,2024-11-14T17:57:08.914Z
416,GRAPHQL,Medium,codecrafters-io/build-your-own-x,665.2181669999845,10655,2024-11-14T17:57:09.579Z
417,REST,Medium,codecrafters-io/build-your-own-x,363.733292000019,91129,2024-11-14T17:57:10.945Z
417,GRAPHQL,Medium,codecrafters-io/build-your-own-x,476.6750840001041,10655,2024-11-14T17:57:11.421Z
418,REST,Medium,codecrafters-io/build-your-own-x,401.84149999998044,91129,2024-11-14T17:57:12.825Z
418,GRAPHQL,Medium,codecrafters-io/build-your-own-x,567.2622499999125,10655,2024-11-14T17:57:13.392Z
419,REST,Medium,codecrafters-io/build-your-own-x,368.27908300003037,91129,2024-11-14T17:57:14.762Z
419,GRAPHQL,Medium,codecrafters-io/build-your-own-x,400.26500000001397,10655,2024-11-14T17:57:15.163Z
420,REST,Medium,codecrafters-io/build-your-own-x,405.8869999999879,91129,2024-11-14T17:57:16.570Z
420,GRAPHQL,Medium,codecrafters-io/build-your-own-x,584.029916999978,10655,2024-11-14T17:57:17.154Z
421,REST,Complex,codecrafters-io/build-your-own-x,1294.109749999945,625930,2024-11-14T17:57:19.461Z
421,GRAPHQL,Complex,codecrafters-io/build-your-own-x,616.4592910000356,20764,2024-11-14T17:57:20.078Z
422,REST,Complex,codecrafters-io/build-your-own-x,1034.21875,625930,2024-11-14T17:57:22.117Z
422,GRAPHQL,Complex,codecrafters-io/build-your-own-x,669.3782079999801,20764,2024-11-14T17:57:22.786Z
423,REST,Complex,codecrafters-io/build-your-own-x,855.3997090000194,625930,2024-11-14T17:57:24.645Z
423,GRAPHQL,Complex,codecrafters-io/build-your-own-x,447.4937500000233,20764,2024-11-14T17:57:25.092Z
424,REST,Complex,codecrafters-io/build-your-own-x,1064.6829579999903,625930,2024-11-14T17:57:27.160Z
424,GRAPHQL,Complex,codecrafters-io/build-your-own-x,555.5308339999756,20764,2024-11-14T17:57:27.716Z
425,REST,Complex,codecrafters-io/build-your-own-x,672.0361249999842,625930,2024-11-14T17:57:29.393Z
425,GRAPHQL,Complex,codecrafters-io/build-your-own-x,656.1747089999262,20764,2024-11-14T17:57:30.049Z
426,REST,Complex,codecrafters-io/build-your-own-x,754.3947919999482,625930,2024-11-14T17:57:31.807Z
426,GRAPHQL,Complex,codecrafters-io/build-your-own-x,524.6531660000328,20764,2024-11-14T17:57:32.332Z
427,REST,Complex,codecrafters-io/build-your-own-x,818.4902500000317,625930,2024-11-14T17:57:34.155Z
427,GRAPHQL,Complex,codecrafters-io/build-your-own-x,479.40929199999664,20764,2024-11-14T17:57:34.635Z
428,REST,Complex,codecrafters-io/build-your-own-x,643.4221249999246,625930,2024-11-14T17:57:36.287Z
428,GRAPHQL,Complex,codecrafters-io/build-your-own-x,601.6984159999993,20764,2024-11-14T17:57:36.889Z
429,REST,Complex,codecrafters-io/build-your-own-x,655.8299170000246,625930,2024-11-14T17:57:38.551Z
429,GRAPHQL,Complex,codecrafters-io/build-your-own-x,516.67425000004,20764,2024-11-14T17:57:39.068Z
430,REST,Complex,codecrafters-io/build-your-own-x,737.4035419999855,625930,2024-11-14T17:57:40.809Z
430,GRAPHQL,Complex,codecrafters-io/build-your-own-x,469.11537500005215,20764,2024-11-14T17:57:41.278Z
431,REST,Complex,codecrafters-io/build-your-own-x,681.3642499999842,625930,2024-11-14T17:57:42.962Z
431,GRAPHQL,Complex,codecrafters-io/build-your-own-x,778.5806670000311,20764,2024-11-14T17:57:43.741Z
432,REST,Complex,codecrafters-io/build-your-own-x,948.0676659999881,625930,2024-11-14T17:57:45.693Z
432,GRAPHQL,Complex,codecrafters-io/build-your-own-x,499.26533299998846,20764,2024-11-14T17:57:46.192Z
433,REST,Complex,codecrafters-io/build-your-own-x,685.8537909999723,625930,2024-11-14T17:57:47.883Z
433,GRAPHQL,Complex,codecrafters-io/build-your-own-x,551.61266600003,20764,2024-11-14T17:57:48.435Z
434,REST,Complex,codecrafters-io/build-your-own-x,794.4713749999646,625930,2024-11-14T17:57:50.241Z
434,GRAPHQL,Complex,codecrafters-io/build-your-own-x,606.3840840000194,20764,2024-11-14T17:57:50.848Z
435,REST,Complex,codecrafters-io/build-your-own-x,751.6524170000339,625930,2024-11-14T17:57:52.604Z
435,GRAPHQL,Complex,codecrafters-io/build-your-own-x,582.3777499999851,20764,2024-11-14T17:57:53.186Z
436,REST,Complex,codecrafters-io/build-your-own-x,660.469458000036,625930,2024-11-14T17:57:54.851Z
436,GRAPHQL,Complex,codecrafters-io/build-your-own-x,604.4564580000006,20764,2024-11-14T17:57:55.456Z
437,REST,Complex,codecrafters-io/build-your-own-x,851.6450000000186,625930,2024-11-14T17:57:57.312Z
437,GRAPHQL,Complex,codecrafters-io/build-your-own-x,436.4461669999873,20764,2024-11-14T17:57:57.748Z
438,REST,Complex,codecrafters-io/build-your-own-x,614.6801249999553,625930,2024-11-14T17:57:59.367Z
438,GRAPHQL,Complex,codecrafters-io/build-your-own-x,594.5434999999125,20764,2024-11-14T17:57:59.962Z
439,REST,Complex,codecrafters-io/build-your-own-x,704.7500830000499,625930,2024-11-14T17:58:01.668Z
439,GRAPHQL,Complex,codecrafters-io/build-your-own-x,637.5972920000786,20764,2024-11-14T17:58:02.306Z
440,REST,Complex,codecrafters-io/build-your-own-x,759.4256250000326,625930,2024-11-14T17:58:04.068Z
440,GRAPHQL,Complex,codecrafters-io/build-your-own-x,568.344000000041,20764,2024-11-14T17:58:04.637Z
441,REST,Complex,codecrafters-io/build-your-own-x,675.0701659999322,625930,2024-11-14T17:58:06.317Z
441,GRAPHQL,Complex,codecrafters-io/build-your-own-x,710.0328749999171,20764,2024-11-14T17:58:07.027Z
442,REST,Complex,codecrafters-io/build-your-own-x,768.4755420000292,625930,2024-11-14T17:58:08.798Z
442,GRAPHQL,Complex,codecrafters-io/build-your-own-x,611.3678749999963,20764,2024-11-14T17:58:09.410Z
443,REST,Complex,codecrafters-io/build-your-own-x,717.5449589999625,625930,2024-11-14T17:58:11.130Z
443,GRAPHQL,Complex,codecrafters-io/build-your-own-x,557.3558750000084,20764,2024-11-14T17:58:11.688Z
444,REST,Complex,codecrafters-io/build-your-own-x,806.313582999981,625930,2024-11-14T17:58:13.497Z
444,GRAPHQL,Complex,codecrafters-io/build-your-own-x,439.4822920000879,20764,2024-11-14T17:58:13.937Z
445,REST,Complex,codecrafters-io/build-your-own-x,768.1508749999339,625930,2024-11-14T17:58:15.714Z
445,GRAPHQL,Complex,codecrafters-io/build-your-own-x,646.0874159999657,20764,2024-11-14T17:58:16.360Z
446,REST,Complex,codecrafters-io/build-your-own-x,716.7229999999981,625930,2024-11-14T17:58:18.084Z
446,GRAPHQL,Complex,codecrafters-io/build-your-own-x,417.66808400000446,20764,2024-11-14T17:58:18.502Z
447,REST,Complex,codecrafters-io/build-your-own-x,700.6179580000462,625930,2024-11-14T17:58:20.206Z
447,GRAPHQL,Complex,codecrafters-io/build-your-own-x,542.2714580000611,20764,2024-11-14T17:58:20.748Z
448,REST,Complex,codecrafters-io/build-your-own-x,805.2403749999357,625930,2024-11-14T17:58:22.560Z
448,GRAPHQL,Complex,codecrafters-io/build-your-own-x,658.3223330000183,20764,2024-11-14T17:58:23.219Z
449,REST,Complex,codecrafters-io/build-your-own-x,661.6919579999521,625930,2024-11-14T17:58:24.884Z
449,GRAPHQL,Complex,codecrafters-io/build-your-own-x,574.4201250000624,20764,2024-11-14T17:58:25.458Z
450,REST,Complex,codecrafters-io/build-your-own-x,635.6062920000404,625930,2024-11-14T17:58:27.097Z
450,GRAPHQL,Complex,codecrafters-io/build-your-own-x,631.8157079999801,20764,2024-11-14T17:58:27.729Z
